Date,Close,High,Low,Open,currency_pair
1/1/2020,1.122082591,1.122838497,1.115946889,1.122082591,EUR/USD
1/2/2020,1.122082591,1.122712493,1.116682053,1.121893764,EUR/USD
1/3/2020,1.11714375,1.11806798,1.112569809,1.117081285,EUR/USD
1/6/2020,1.116196036,1.120824933,1.115809917,1.116245866,EUR/USD
1/7/2020,1.119799495,1.119946241,1.113486528,1.119582534,EUR/USD
1/8/2020,1.115473866,1.116520047,1.111086369,1.115573406,EUR/USD
1/9/2020,1.111321092,1.112223387,1.109508514,1.111444473,EUR/USD
1/10/2020,1.111111164,1.112099648,1.108622909,1.110925913,EUR/USD
1/13/2020,1.111666918,1.114466906,1.111407518,1.111654639,EUR/USD
1/14/2020,1.113573313,1.114578724,1.110555887,1.113449335,EUR/USD
1/15/2020,1.113089919,1.116345525,1.112025499,1.112966061,EUR/USD
1/16/2020,1.115400434,1.11719358,1.112978458,1.11526978,EUR/USD
1/17/2020,1.113957882,1.114500403,1.108758092,1.113800287,EUR/USD
1/20/2020,1.109459281,1.110494137,1.107750893,1.109520793,EUR/USD
1/21/2020,1.10969317,1.111976027,1.108647466,1.109643936,EUR/USD
1/22/2020,1.108561397,1.109779358,1.107162237,1.108585954,EUR/USD
1/23/2020,1.109643936,1.110321522,1.103703976,1.109754801,EUR/USD
1/24/2020,1.105522037,1.106084585,1.102122664,1.105534315,EUR/USD
1/27/2020,1.102535844,1.103996515,1.101006389,1.102633119,EUR/USD
1/28/2020,1.101976991,1.102657437,1.0998559,1.101964831,EUR/USD
1/29/2020,1.102256298,1.103022337,1.099323869,1.102292776,EUR/USD
1/30/2020,1.101685524,1.103655338,1.100824475,1.101406455,EUR/USD
1/31/2020,1.102912784,1.109016299,1.101794839,1.102876306,EUR/USD
2/3/2020,1.108979464,1.108905554,1.104349971,1.108905554,EUR/USD
2/4/2020,1.106292605,1.106561899,1.103387356,1.106292605,EUR/USD
2/5/2020,1.104728222,1.104850292,1.0998317,1.104472041,EUR/USD
2/6/2020,1.100231051,1.101285219,1.096551299,1.100049496,EUR/USD
2/7/2020,1.098297596,1.09869945,1.094690681,1.098104596,EUR/USD
2/10/2020,1.09493053,1.096130729,1.090959907,1.094870567,EUR/USD
2/11/2020,1.091345668,1.092700362,1.089348316,1.091226578,EUR/USD
2/12/2020,1.091941476,1.092499733,1.088707924,1.092180014,EUR/USD
2/13/2020,1.087594867,1.089087367,1.083552718,1.087642193,EUR/USD
2/14/2020,1.08459866,1.086248159,1.08313024,1.08459866,EUR/USD
2/17/2020,1.084175348,1.085400343,1.083024621,1.084057808,EUR/USD
2/18/2020,1.084010839,1.083900332,1.078690529,1.083705425,EUR/USD
2/19/2020,1.079540491,1.080847383,1.078360081,1.079470634,EUR/USD
2/20/2020,1.081009865,1.082100034,1.077957869,1.080964208,EUR/USD
2/21/2020,1.078799844,1.086366177,1.078771949,1.078771949,EUR/USD
2/24/2020,1.083905101,1.086366177,1.080847383,1.083858132,EUR/USD
2/25/2020,1.08491993,1.08817482,1.08317709,1.084904671,EUR/USD
2/26/2020,1.088199615,1.090358019,1.085564137,1.088100195,EUR/USD
2/27/2020,1.08858943,1.100570083,1.088565707,1.088565707,EUR/USD
2/28/2020,1.099722862,1.105277658,1.095158339,1.099553585,EUR/USD
3/2/2020,1.105131149,1.116407871,1.103728414,1.10525322,EUR/USD
3/3/2020,1.114404798,1.120749593,1.109730124,1.114429712,EUR/USD
3/4/2020,1.11806798,1.118568182,1.10969317,1.117730498,EUR/USD
3/5/2020,1.113908291,1.120448232,1.112173796,1.113908291,EUR/USD
3/6/2020,1.122384906,1.135473371,1.121390581,1.122384906,EUR/USD
3/9/2020,1.138602018,1.149583817,1.135679603,1.138615012,EUR/USD
3/10/2020,1.139796019,1.142295837,1.133414149,1.139743924,EUR/USD
3/11/2020,1.131650567,1.136596084,1.125900507,1.1316185,EUR/USD
3/12/2020,1.126151562,1.133285761,1.108082414,1.126075387,EUR/USD
3/13/2020,1.118493199,1.122132897,1.106537342,1.118355632,EUR/USD
3/16/2020,1.115536094,1.123540044,1.108868718,1.115959406,EUR/USD
3/17/2020,1.11632061,1.11890614,1.09579432,1.116333127,EUR/USD
3/18/2020,1.101552129,1.104500055,1.083188891,1.101685524,EUR/USD
3/19/2020,1.09615469,1.094558954,1.069793344,1.094343305,EUR/USD
3/20/2020,1.065734506,1.082989454,1.065450549,1.065848112,EUR/USD
3/23/2020,1.069438696,1.082485437,1.066041231,1.068752885,EUR/USD
3/24/2020,1.076461077,1.088850141,1.075338244,1.07647264,EUR/USD
3/25/2020,1.080263615,1.084951758,1.077017546,1.080123544,EUR/USD
3/26/2020,1.088956952,1.102548003,1.087653995,1.088755369,EUR/USD
3/27/2020,1.104825854,1.108647466,1.095518231,1.10461843,EUR/USD
3/30/2020,1.113908291,1.113784194,1.101224542,1.113536119,EUR/USD
3/31/2020,1.103046656,1.104362249,1.092967868,1.102839828,EUR/USD
4/1/2020,1.102657437,1.103752732,1.09186995,1.102815509,EUR/USD
4/2/2020,1.095362186,1.096298933,1.084434032,1.095098257,EUR/USD
4/3/2020,1.084739923,1.085894227,1.07761991,1.084386945,EUR/USD
4/6/2020,1.08069551,1.083435297,1.076924801,1.080824018,EUR/USD
4/7/2020,1.080380321,1.092335105,1.079139829,1.080193639,EUR/USD
4/8/2020,1.089514494,1.089621305,1.08317709,1.089431405,EUR/USD
4/9/2020,1.086366177,1.094355345,1.084180117,1.08611834,EUR/USD
4/10/2020,1.092740893,1.095410228,1.092108369,1.092597604,EUR/USD
4/13/2020,1.093266606,1.096852064,1.089360237,1.093135118,EUR/USD
4/14/2020,1.092299342,1.098394156,1.091572046,1.091953397,EUR/USD
4/15/2020,1.098538876,1.098901033,1.085764527,1.098237276,EUR/USD
4/16/2020,1.09051013,1.090774179,1.082966089,1.090381742,EUR/USD
4/17/2020,1.085847139,1.089324594,1.081268191,1.086012244,EUR/USD
4/20/2020,1.086696625,1.089704394,1.08430469,1.086625814,EUR/USD
4/21/2020,1.086484075,1.087997198,1.0817945,1.086354256,EUR/USD
4/22/2020,1.085646749,1.088316917,1.082426786,1.085740924,EUR/USD
4/23/2020,1.080964208,1.084398746,1.075835705,1.080683827,EUR/USD
4/24/2020,1.077702284,1.081771135,1.072765708,1.077632666,EUR/USD
4/27/2020,1.082368255,1.086035728,1.081221342,1.082368255,EUR/USD
4/28/2020,1.082485437,1.088968754,1.081127763,1.082719803,EUR/USD
4/29/2020,1.083658457,1.087429285,1.083165526,1.08323586,EUR/USD
4/30/2020,1.087725043,1.096996427,1.08356452,1.087665915,EUR/USD
5/1/2020,1.094546914,1.101624846,1.093541503,1.094475031,EUR/USD
5/4/2020,1.095962524,1.09578228,1.090132117,1.095746279,EUR/USD
5/5/2020,1.090429306,1.09213233,1.082696319,1.090453029,EUR/USD
5/6/2020,1.083858132,1.08448112,1.078422904,1.084010839,EUR/USD
5/7/2020,1.079855323,1.081572175,1.076750755,1.080053568,EUR/USD
5/8/2020,1.083717108,1.087334752,1.081630588,1.083693624,EUR/USD
5/11/2020,1.083952069,1.085304976,1.080426931,1.084010839,EUR/USD
5/12/2020,1.080940843,1.088044524,1.078539252,1.080917478,EUR/USD
5/13/2020,1.084681034,1.089336395,1.083141923,1.084633946,EUR/USD
5/14/2020,1.082368255,1.082485437,1.077655911,1.08219254,EUR/USD
5/15/2020,1.08069551,1.084951758,1.079086185,1.080625415,EUR/USD
5/18/2020,1.082134008,1.091274142,1.080088615,1.081946611,EUR/USD
5/19/2020,1.091512442,1.097514153,1.090274692,1.091583848,EUR/USD
5/20/2020,1.092776775,1.099904299,1.092920065,1.093015671,EUR/USD
5/21/2020,1.098297596,1.100872993,1.093948245,1.097935915,EUR/USD
5/22/2020,1.095290303,1.095530272,1.088613033,1.095242262,EUR/USD
5/25/2020,1.090780139,1.091464758,1.087204695,1.09090507,EUR/USD
5/26/2020,1.090299726,1.09915483,1.089835167,1.090108395,EUR/USD
5/27/2020,1.098177075,1.102985859,1.093661189,1.098056436,EUR/USD
5/28/2020,1.101685524,1.107186675,1.099311829,1.10152781,EUR/USD
5/29/2020,1.107910514,1.114466906,1.10703969,1.107812285,EUR/USD
6/1/2020,1.111852407,1.115200162,1.110148907,1.111456871,EUR/USD
6/2/2020,1.112594604,1.119570136,1.111568093,1.112557411,EUR/USD
6/3/2020,1.118943691,1.124998569,1.118105412,1.118568182,EUR/USD
6/4/2020,1.123595476,1.136053801,1.11959517,1.123721719,EUR/USD
6/5/2020,1.133786798,1.138394594,1.128566265,1.133722663,EUR/USD
6/8/2020,1.131951571,1.131874681,1.126950979,1.131605744,EUR/USD
6/9/2020,1.130556703,1.136337757,1.124366164,1.130288363,EUR/USD
6/10/2020,1.133221507,1.138887286,1.133414149,1.133414149,EUR/USD
6/11/2020,1.136544466,1.140016913,1.132605433,1.136867523,EUR/USD
6/12/2020,1.12880826,1.133979678,1.123469234,1.128935814,EUR/USD
6/15/2020,1.125201106,1.129203439,1.122876406,1.125416398,EUR/USD
6/16/2020,1.133774042,1.13498354,1.123166442,1.133799672,EUR/USD
6/17/2020,1.126570106,1.129688144,1.12102592,1.12649405,EUR/USD
6/18/2020,1.124290228,1.126253009,1.120460749,1.124125957,EUR/USD
6/19/2020,1.121100068,1.125299811,1.117393374,1.12072444,EUR/USD
6/22/2020,1.117755532,1.126773238,1.117555618,1.117942929,EUR/USD
6/23/2020,1.127967954,1.134899855,1.123431444,1.127713561,EUR/USD
6/24/2020,1.131234527,1.132631063,1.125986695,1.131362557,EUR/USD
6/25/2020,1.125087261,1.125999331,1.119144082,1.125137806,EUR/USD
6/26/2020,1.122208476,1.123898506,1.119783282,1.122082591,EUR/USD
6/29/2020,1.122586489,1.128923059,1.122057438,1.122410059,EUR/USD
6/30/2020,1.124720216,1.126164198,1.11923182,1.12470758,EUR/USD
7/1/2020,1.123595476,1.127459288,1.118918657,1.123368263,EUR/USD
7/2/2020,1.125137806,1.130326629,1.122775555,1.125340343,EUR/USD
7/3/2020,1.1237849,1.125112534,1.122107744,1.123974323,EUR/USD
7/6/2020,1.124720216,1.134687424,1.124884725,1.124884725,EUR/USD
7/7/2020,1.131285667,1.13365829,1.126037359,1.131029725,EUR/USD
7/8/2020,1.127522826,1.134558678,1.126519442,1.127281308,EUR/USD
7/9/2020,1.133915424,1.137268305,1.128795505,1.133786798,EUR/USD
7/10/2020,1.128795505,1.132477164,1.125720382,1.128923059,EUR/USD
7/13/2020,1.131004214,1.137048483,1.130454421,1.130876303,EUR/USD
7/14/2020,1.134549618,1.140706182,1.132631063,1.134584427,EUR/USD
7/15/2020,1.141070485,1.145299554,1.139354467,1.141083598,EUR/USD
7/16/2020,1.141719341,1.144299626,1.137954235,1.141734958,EUR/USD
7/17/2020,1.139211655,1.144164801,1.137889385,1.13864994,EUR/USD
7/20/2020,1.144295692,1.146789074,1.14052403,1.14395535,EUR/USD
7/21/2020,1.145869136,1.149800658,1.142622113,1.145764112,EUR/USD
7/22/2020,1.153402567,1.160092831,1.150853872,1.153509021,EUR/USD
7/23/2020,1.156871796,1.162425756,1.154214621,1.156671166,EUR/USD
7/24/2020,1.159608483,1.164008856,1.158171415,1.159500957,EUR/USD
7/27/2020,1.165256739,1.177953362,1.165256739,1.165256739,EUR/USD
7/28/2020,1.176927567,1.177578926,1.170099735,1.176650524,EUR/USD
7/29/2020,1.17187953,1.177899361,1.171495199,1.172058105,EUR/USD
7/30/2020,1.178286552,1.180735111,1.173268199,1.178689361,EUR/USD
7/31/2020,1.187225461,1.190799475,1.180261254,1.187366486,EUR/USD
8/3/2020,1.178231001,1.17875874,1.170138001,1.178411484,EUR/USD
8/4/2020,1.176332235,1.180498123,1.172415376,1.176055431,EUR/USD
8/5/2020,1.181544304,1.190532923,1.179996729,1.181488395,EUR/USD
8/6/2020,1.187281847,1.191185236,1.182075024,1.187366486,EUR/USD
8/7/2020,1.187648416,1.188354135,1.175654531,1.187507391,EUR/USD
8/10/2020,1.178272724,1.180199981,1.174300194,1.178244829,EUR/USD
8/11/2020,1.173777819,1.180498123,1.172319174,1.17376399,EUR/USD
8/12/2020,1.173653841,1.181265116,1.171303034,1.173984528,EUR/USD
8/13/2020,1.179380178,1.186400056,1.179467797,1.179648638,EUR/USD
8/14/2020,1.181655884,1.183800459,1.178467035,1.181893468,EUR/USD
8/17/2020,1.185255408,1.188071728,1.183039904,1.185044765,EUR/USD
8/18/2020,1.187648416,1.196515799,1.187535644,1.187930703,EUR/USD
8/19/2020,1.194785953,1.19545722,1.189343452,1.194728851,EUR/USD
8/20/2020,1.184350014,1.186844945,1.180651546,1.184174657,EUR/USD
8/21/2020,1.187366486,1.188636661,1.175490022,1.187084556,EUR/USD
8/24/2020,1.179801822,1.185255408,1.178619862,1.179913163,EUR/USD
8/25/2020,1.17945385,1.184413195,1.178480864,1.179523468,EUR/USD
8/26/2020,1.183501959,1.183992386,1.177606702,1.183333874,EUR/USD
8/27/2020,1.184272885,1.189852953,1.176622868,1.184020519,EUR/USD
8/28/2020,1.181963205,1.192037106,1.181195378,1.182047009,EUR/USD
8/31/2020,1.191824079,1.196358204,1.188509464,1.191653728,EUR/USD
9/1/2020,1.193901539,1.201129079,1.193730474,1.193915725,EUR/USD
9/2/2020,1.19232142,1.192435145,1.182410479,1.192307234,EUR/USD
9/3/2020,1.184735894,1.184805989,1.178967237,1.184595585,EUR/USD
9/4/2020,1.183978438,1.186352253,1.178175449,1.184370995,EUR/USD
9/7/2020,1.18344593,1.184862137,1.181376815,1.183656096,EUR/USD
9/8/2020,1.182172775,1.182872057,1.176719785,1.181921363,EUR/USD
9/9/2020,1.177024484,1.18305397,1.175364375,1.176913619,EUR/USD
9/10/2020,1.180637598,1.191469073,1.180289149,1.180637598,EUR/USD
9/11/2020,1.182438493,1.187648416,1.182592273,1.182620287,EUR/USD
9/14/2020,1.184272885,1.188800573,1.183305979,1.184356928,EUR/USD
9/15/2020,1.187000036,1.190099359,1.184146643,1.186690092,EUR/USD
9/16/2020,1.184441209,1.18830049,1.1814605,1.184272885,EUR/USD
9/17/2020,1.180344939,1.183011889,1.174163699,1.180428505,EUR/USD
9/18/2020,1.184820056,1.187100053,1.183123827,1.185255408,EUR/USD
9/21/2020,1.184553385,1.187300205,1.173268199,1.184553385,EUR/USD
9/22/2020,1.176800013,1.177301645,1.169344425,1.176180005,EUR/USD
9/23/2020,1.170836806,1.172000527,1.166493654,1.170754552,EUR/USD
9/24/2020,1.165854454,1.168100119,1.16296649,1.16619432,EUR/USD
9/25/2020,1.167324305,1.168510914,1.16134584,1.167365074,EUR/USD
9/28/2020,1.16353488,1.167965055,1.161669493,1.1635077,EUR/USD
9/29/2020,1.167883277,1.174163699,1.166656971,1.167774081,EUR/USD
9/30/2020,1.174205065,1.175640702,1.16860652,1.174274087,EUR/USD
10/1/2020,1.172607899,1.176700354,1.171810865,1.172374129,EUR/USD
10/2/2020,1.174494624,1.17470026,1.169713736,1.174411893,EUR/USD
10/5/2020,1.172044396,1.179662585,1.171930432,1.172195554,EUR/USD
10/6/2020,1.179245353,1.180735111,1.176733613,1.178828239,EUR/USD
10/7/2020,1.17376399,1.178139329,1.172540545,1.173736572,EUR/USD
10/8/2020,1.176747441,1.178133845,1.173529863,1.176553607,EUR/USD
10/9/2020,1.176700354,1.182452321,1.175875664,1.176705956,EUR/USD
10/12/2020,1.181683898,1.182732105,1.178800464,1.181334972,EUR/USD
10/13/2020,1.181614041,1.181418657,1.17357111,1.181418657,EUR/USD
10/14/2020,1.174218893,1.177024484,1.172168016,1.174398184,EUR/USD
10/15/2020,1.174398184,1.176055431,1.169016361,1.174756885,EUR/USD
10/16/2020,1.170713425,1.174674034,1.169494867,1.170576453,EUR/USD
10/19/2020,1.171550155,1.179523468,1.170494199,1.171563864,EUR/USD
10/20/2020,1.176885962,1.183992386,1.176262975,1.176802874,EUR/USD
10/21/2020,1.182983994,1.188212872,1.182927966,1.182927966,EUR/USD
10/22/2020,1.185395956,1.18694365,1.181334972,1.185129046,EUR/USD
10/23/2020,1.181502461,1.185958266,1.178800464,1.18140471,EUR/USD
10/26/2020,1.18484807,1.185100913,1.18040061,1.184834123,EUR/USD
10/27/2020,1.180944324,1.183800459,1.179940939,1.180944324,EUR/USD
10/28/2020,1.178411484,1.178828239,1.171930432,1.178161621,EUR/USD
10/29/2020,1.174867272,1.175917268,1.165623426,1.174743056,EUR/USD
10/30/2020,1.167869568,1.170343518,1.164306998,1.167678595,EUR/USD
11/2/2020,1.164212108,1.165699482,1.162439227,1.164252758,EUR/USD
11/3/2020,1.164279938,1.174199581,1.163805604,1.164279938,EUR/USD
11/4/2020,1.17622149,1.176885962,1.160766125,1.176456809,EUR/USD
11/5/2020,1.173268199,1.185677052,1.171275616,1.172993064,EUR/USD
11/6/2020,1.181753755,1.189060569,1.179620862,1.181418657,EUR/USD
11/9/2020,1.189301014,1.191923499,1.179746151,1.1893152,EUR/USD
11/10/2020,1.182732105,1.184356928,1.178078294,1.182326555,EUR/USD
11/11/2020,1.181879401,1.183291912,1.174729228,1.181963205,EUR/USD
11/12/2020,1.178029776,1.182300091,1.175958753,1.177870154,EUR/USD
11/13/2020,1.180339336,1.183389902,1.179968834,1.180526018,EUR/USD
11/16/2020,1.184525371,1.186873198,1.181474447,1.184427142,EUR/USD
11/17/2020,1.1859442,1.189272761,1.184553385,1.185972333,EUR/USD
11/18/2020,1.18636632,1.189100266,1.18511498,1.186436653,EUR/USD
11/19/2020,1.184763908,1.185536385,1.181739807,1.184286952,EUR/USD
11/20/2020,1.186647773,1.189088941,1.185185194,1.186746478,EUR/USD
11/23/2020,1.186647773,1.190589547,1.180317044,1.186535239,EUR/USD
11/24/2020,1.184272885,1.189385891,1.183894277,1.184180379,EUR/USD
11/25/2020,1.190051198,1.192804933,1.188283563,1.190051198,EUR/USD
11/26/2020,1.19200027,1.194099784,1.188693166,1.19175303,EUR/USD
11/27/2020,1.191599727,1.196186543,1.191071749,1.191185236,EUR/USD
11/30/2020,1.197146058,1.200206399,1.194414854,1.197074294,EUR/USD
12/1/2020,1.193816066,1.205356598,1.193599463,1.19377327,EUR/USD
12/2/2020,1.207437873,1.210741639,1.20407939,1.20698607,EUR/USD
12/3/2020,1.211460352,1.217500329,1.210243464,1.21134305,EUR/USD
12/4/2020,1.214565039,1.21777463,1.213371277,1.214535475,EUR/USD
12/7/2020,1.212135911,1.216352582,1.208079696,1.212062478,EUR/USD
12/8/2020,1.211313605,1.213415504,1.209716439,1.210946918,EUR/USD
12/9/2020,1.211093664,1.214900017,1.207394004,1.210990906,EUR/USD
12/10/2020,1.207875371,1.215805531,1.208035827,1.208167195,EUR/USD
12/11/2020,1.214429379,1.216397047,1.210785747,1.214343786,EUR/USD
12/14/2020,1.213340402,1.217404008,1.211753964,1.213356614,EUR/USD
12/15/2020,1.214889646,1.216648579,1.212694526,1.214874864,EUR/USD
12/16/2020,1.21543014,1.221299529,1.214697838,1.215376854,EUR/USD
12/17/2020,1.219958544,1.22630024,1.219244599,1.219705582,EUR/USD
12/18/2020,1.226271629,1.226843357,1.22271812,1.226196408,EUR/USD
12/21/2020,1.221612811,1.223466158,1.213076949,1.221060872,EUR/USD
12/22/2020,1.223690629,1.225900292,1.216604233,1.223840475,EUR/USD
12/23/2020,1.218665123,1.221941233,1.215775847,1.218590856,EUR/USD
12/24/2020,1.21914053,1.22174716,1.217937827,1.219393253,EUR/USD
12/25/2020,1.218472004,1.221299529,1.216700435,1.218472004,EUR/USD
12/28/2020,1.220509529,1.225200415,1.218353271,1.220703125,EUR/USD
12/29/2020,1.222344518,1.227599382,1.222000957,1.222000957,EUR/USD
12/30/2020,1.225295067,1.230875254,1.225204945,1.225324988,EUR/USD
12/31/2020,1.229989648,1.230950952,1.222299576,1.22990644,EUR/USD
1/1/2021,1.218026876,1.221699357,1.213499427,1.217285395,EUR/USD
1/4/2021,1.225069761,1.23099947,1.217137218,1.224904776,EUR/USD
1/5/2021,1.225159883,1.229483008,1.224994779,1.225295067,EUR/USD
1/6/2021,1.230027437,1.235025287,1.226692915,1.229861021,EUR/USD
1/7/2021,1.234110832,1.234567881,1.224664688,1.233775854,EUR/USD
1/8/2021,1.22714448,1.228214622,1.221493483,1.226873398,EUR/USD
1/11/2021,1.218620539,1.219958544,1.213474393,1.218783855,EUR/USD
1/12/2021,1.216070175,1.217848778,1.213886857,1.216160297,EUR/USD
1/13/2021,1.220889449,1.222493887,1.215539455,1.220926642,EUR/USD
1/14/2021,1.216249108,1.217285395,1.211313605,1.216175079,EUR/USD
1/15/2021,1.215125918,1.216249108,1.208473802,1.215300083,EUR/USD
1/18/2021,1.206811309,1.208619833,1.205545425,1.206723928,EUR/USD
1/19/2021,1.207729459,1.214491248,1.207846165,1.207846165,EUR/USD
1/20/2021,1.213886857,1.216000557,1.207773209,1.213945866,EUR/USD
1/21/2021,1.21156311,1.217196465,1.210990906,1.211533785,EUR/USD
1/22/2021,1.216629386,1.218800306,1.215199709,1.216619015,EUR/USD
1/25/2021,1.216944695,1.218599796,1.211724639,1.216855884,EUR/USD
1/26/2021,1.214624047,1.217500329,1.210844398,1.214329123,EUR/USD
1/27/2021,1.216299295,1.217137218,1.206199884,1.216323018,EUR/USD
1/28/2021,1.210507274,1.214399815,1.208240151,1.210477829,EUR/USD
1/29/2021,1.212003708,1.215700507,1.209599376,1.212135911,EUR/USD
2/1/2021,1.212385774,1.213606954,1.206913233,1.212282777,EUR/USD
2/2/2021,1.206869483,1.20879519,1.201836467,1.206767559,EUR/USD
2/3/2021,1.203905463,1.204999328,1.200494647,1.203905463,EUR/USD
2/4/2021,1.204238892,1.204383969,1.196716189,1.204180956,EUR/USD
2/5/2021,1.196673155,1.203977942,1.195357203,1.1967448,EUR/USD
2/8/2021,1.204877377,1.206854939,1.202139854,1.204935431,EUR/USD
2/9/2021,1.205359578,1.211475134,1.205019593,1.205254912,EUR/USD
2/10/2021,1.211999297,1.21437335,1.21102035,1.211695194,EUR/USD
2/11/2021,1.212121248,1.215099335,1.211431146,1.211944938,EUR/USD
2/12/2021,1.21315062,1.213592291,1.208399296,1.213003397,EUR/USD
2/15/2021,1.212209344,1.214699388,1.211739302,1.212106466,EUR/USD
2/16/2021,1.213219643,1.217100263,1.209584713,1.213238835,EUR/USD
2/17/2021,1.209248304,1.209833503,1.202558994,1.208853722,EUR/USD
2/18/2021,1.204800487,1.208900332,1.20363009,1.204586983,EUR/USD
2/19/2021,1.209189773,1.214771628,1.208299994,1.209175229,EUR/USD
2/22/2021,1.212635636,1.215509892,1.209219098,1.212444544,EUR/USD
2/23/2021,1.216679692,1.217878461,1.213680625,1.216693044,EUR/USD
2/24/2021,1.215214491,1.217404008,1.211130261,1.215199709,EUR/USD
2/25/2021,1.217137218,1.224155068,1.215657711,1.216950655,EUR/USD
2/26/2021,1.216042042,1.218249321,1.209175229,1.216012478,EUR/USD
3/1/2021,1.208956003,1.210155606,1.202993035,1.209090471,EUR/USD
3/2/2021,1.205109596,1.208035827,1.199400306,1.204906344,EUR/USD
3/3/2021,1.208546758,1.211049557,1.204470992,1.208503008,EUR/USD
3/4/2021,1.205066085,1.206400633,1.202501178,1.204833746,EUR/USD
3/5/2021,1.196773529,1.19685936,1.189796209,1.19685936,EUR/USD
3/8/2021,1.192563176,1.193217754,1.184834123,1.192463636,EUR/USD
3/9/2021,1.185171127,1.191599727,1.183614135,1.185199261,EUR/USD
3/10/2021,1.189790606,1.192506313,1.187000036,1.189668894,EUR/USD
3/11/2021,1.192605853,1.197776914,1.191710472,1.19274807,EUR/USD
3/12/2021,1.198609591,1.199040771,1.191057563,1.198164463,EUR/USD
3/15/2021,1.195000052,1.196544409,1.191185236,1.195114374,EUR/USD
3/16/2021,1.192577362,1.195300102,1.188438892,1.192733884,EUR/USD
3/17/2021,1.190164566,1.191799998,1.188763738,1.190209746,EUR/USD
3/18/2021,1.198279262,1.199099779,1.191015005,1.19806385,EUR/USD
3/19/2021,1.191824079,1.193744779,1.187493324,1.191767335,EUR/USD
3/22/2021,1.188311696,1.193744779,1.187606215,1.188452959,EUR/USD
3/23/2021,1.193303108,1.194315076,1.186436653,1.193331718,EUR/USD
3/24/2021,1.184020519,1.18511498,1.181334972,1.184118629,EUR/USD
3/25/2021,1.181306958,1.183011889,1.177523375,1.181376815,EUR/USD
3/26/2021,1.177662134,1.18040061,1.177260041,1.177606702,EUR/USD
3/29/2021,1.178800464,1.179356575,1.176180005,1.178760171,EUR/USD
3/30/2021,1.177100658,1.177578926,1.171316862,1.176913619,EUR/USD
3/31/2021,1.17236042,1.175861835,1.170453072,1.172333002,EUR/USD
4/1/2021,1.172883034,1.177578926,1.17148149,1.172896624,EUR/USD
4/2/2021,1.177994967,1.178700447,1.175143361,1.177773118,EUR/USD
4/5/2021,1.176816702,1.181614041,1.173943162,1.176636696,EUR/USD
4/6/2021,1.181893468,1.185536385,1.179648638,1.181907296,EUR/USD
4/7/2021,1.187422872,1.191469073,1.186535239,1.18754971,EUR/USD
4/8/2021,1.187366486,1.191483259,1.186183333,1.187197208,EUR/USD
4/9/2021,1.191568494,1.19232142,1.186859131,1.191568494,EUR/USD
4/12/2021,1.190051198,1.192037106,1.187338233,1.189640641,EUR/USD
4/13/2021,1.191469073,1.195314407,1.188430429,1.191213608,EUR/USD
4/14/2021,1.195414305,1.198193073,1.195185781,1.195743084,EUR/USD
4/15/2021,1.198609591,1.199313998,1.195786119,1.198236227,EUR/USD
4/16/2021,1.197174668,1.199472189,1.195090055,1.197074294,EUR/USD
4/19/2021,1.196945429,1.204819322,1.194343567,1.19683075,EUR/USD
4/20/2021,1.204529047,1.208167195,1.202877283,1.204383969,EUR/USD
4/21/2021,1.203239202,1.204529047,1.200000405,1.203253627,EUR/USD
4/22/2021,1.203775048,1.207000613,1.200393677,1.20381844,EUR/USD
4/23/2021,1.201475382,1.207799435,1.201388836,1.201793075,EUR/USD
4/26/2021,1.208985209,1.211827397,1.206374407,1.208956003,EUR/USD
4/27/2021,1.208167195,1.209189773,1.205792546,1.207920551,EUR/USD
4/28/2021,1.209030509,1.210214138,1.205763578,1.208853722,EUR/USD
4/29/2021,1.213592291,1.215214491,1.210419297,1.213577509,EUR/USD
4/30/2021,1.212709188,1.212856293,1.202472329,1.212488651,EUR/USD
5/3/2021,1.202776074,1.207799435,1.201489806,1.202645779,EUR/USD
5/4/2021,1.206127167,1.206300259,1.200004816,1.205981612,EUR/USD
5/5/2021,1.20150435,1.2029351,1.198724627,1.201634288,EUR/USD
5/6/2021,1.200797319,1.207000613,1.199400306,1.200912714,EUR/USD
5/7/2021,1.206854939,1.216544986,1.205342174,1.206592798,EUR/USD
5/10/2021,1.217107654,1.217730165,1.213739514,1.216752172,EUR/USD
5/11/2021,1.214093208,1.21796751,1.212547421,1.214211106,EUR/USD
5/12/2021,1.214450002,1.215066791,1.206811309,1.214550257,EUR/USD
5/13/2021,1.207850575,1.210653782,1.205312967,1.207685709,EUR/USD
5/14/2021,1.207729459,1.214771628,1.207146287,1.208021283,EUR/USD
5/17/2021,1.215037346,1.216999531,1.212753296,1.214756846,EUR/USD
5/18/2021,1.215687275,1.223241568,1.215406537,1.215524673,EUR/USD
5/19/2021,1.222399712,1.224799752,1.219185114,1.222643375,EUR/USD
5/20/2021,1.217285395,1.22290051,1.217092872,1.217285395,EUR/USD
5/21/2021,1.22253871,1.22420001,1.217374444,1.222792864,EUR/USD
5/24/2021,1.218323588,1.222942352,1.217581868,1.218115807,EUR/USD
5/25/2021,1.221463561,1.226700306,1.221239805,1.22144866,EUR/USD
5/26/2021,1.224909306,1.226500273,1.220003128,1.224889755,EUR/USD
5/27/2021,1.219259501,1.221699357,1.217567086,1.21903646,EUR/USD
5/28/2021,1.219318867,1.220107436,1.213341951,1.219274282,EUR/USD
5/31/2021,1.219006777,1.223391294,1.218412638,1.219006777,EUR/USD
6/1/2021,1.22328651,1.225415111,1.221463561,1.223406196,EUR/USD
6/2/2021,1.221776962,1.222942352,1.216574669,1.221806884,EUR/USD
6/3/2021,1.220986247,1.22159791,1.212090373,1.221150398,EUR/USD
6/4/2021,1.213300705,1.218769073,1.210551143,1.213029861,EUR/USD
6/7/2021,1.216841102,1.220199704,1.21450603,1.216574669,EUR/USD
6/8/2021,1.219363451,1.219660997,1.21666348,1.218962193,EUR/USD
6/9/2021,1.217285395,1.22189939,1.217181802,1.217181802,EUR/USD
6/10/2021,1.218200445,1.219214797,1.214535475,1.217730165,EUR/USD
6/11/2021,1.217255831,1.219500303,1.209499836,1.217315078,EUR/USD
6/14/2021,1.21102035,1.21315062,1.209526181,1.211079001,EUR/USD
6/15/2021,1.212224007,1.214919209,1.210287452,1.212415099,EUR/USD
6/16/2021,1.212709188,1.213499427,1.211035013,1.212547421,EUR/USD
6/17/2021,1.199558616,1.20076859,1.190703034,1.199184537,EUR/USD
6/18/2021,1.1913414,1.19274807,1.18511498,1.191327095,EUR/USD
6/21/2021,1.187366486,1.192051411,1.184876204,1.186901331,EUR/USD
6/22/2021,1.191256166,1.19175303,1.188241243,1.191156864,EUR/USD
6/23/2021,1.193673491,1.196999907,1.19158268,1.193744779,EUR/USD
6/24/2021,1.193317413,1.195671678,1.191994548,1.193160772,EUR/USD
6/25/2021,1.193032742,1.197447062,1.192790747,1.192790747,EUR/USD
6/28/2021,1.194215298,1.194600344,1.190461993,1.194215298,EUR/USD
6/29/2021,1.192890406,1.193032742,1.188043594,1.193032742,EUR/USD
6/30/2021,1.190192819,1.191043258,1.184581518,1.189994454,EUR/USD
7/1/2021,1.185677052,1.188399315,1.183810234,1.185536385,EUR/USD
7/2/2021,1.184623599,1.186098933,1.18193531,1.184707761,EUR/USD
7/5/2021,1.185620785,1.188200235,1.185200691,1.185592651,EUR/USD
7/6/2021,1.186380386,1.189626455,1.1814996,1.186149597,EUR/USD
7/7/2021,1.182452321,1.184132576,1.178244829,1.182033062,EUR/USD
7/8/2021,1.179339886,1.186633825,1.178425312,1.179356575,EUR/USD
7/9/2021,1.184800386,1.187465072,1.182522297,1.184693813,EUR/USD
7/12/2021,1.187295914,1.188212872,1.183670163,1.187366486,EUR/USD
7/13/2021,1.186521053,1.187789559,1.179342628,1.186493039,EUR/USD
7/14/2021,1.177537322,1.182800651,1.177260041,1.177440166,EUR/USD
7/15/2021,1.183333874,1.18511498,1.180595756,1.183333874,EUR/USD
7/16/2021,1.181181431,1.182300091,1.17939961,1.181306958,EUR/USD
7/19/2021,1.181400537,1.182326555,1.176429033,1.181153536,EUR/USD
7/20/2021,1.179384351,1.18040061,1.175709844,1.179245353,EUR/USD
7/21/2021,1.178411484,1.180275202,1.175364375,1.178550363,EUR/USD
7/22/2021,1.179273009,1.182983994,1.176664352,1.179523468,EUR/USD
7/23/2021,1.17727387,1.178550363,1.175599337,1.177357078,EUR/USD
7/26/2021,1.177343249,1.181753755,1.176456809,1.177301645,EUR/USD
7/27/2021,1.180776954,1.183712125,1.177176952,1.180637598,EUR/USD
7/28/2021,1.182312608,1.183011889,1.178578138,1.18223989,EUR/USD
7/29/2021,1.184595585,1.18920207,1.184174657,1.184679747,EUR/USD
7/30/2021,1.189299703,1.191100121,1.185550451,1.18920207,EUR/USD
8/2/2021,1.186704159,1.189899683,1.185958266,1.186535239,EUR/USD
8/3/2021,1.187465072,1.189599514,1.185564637,1.187493324,EUR/USD
8/4/2021,1.18694365,1.190199852,1.183431864,1.186915398,EUR/USD
8/5/2021,1.183740139,1.185900569,1.182983994,1.183992386,EUR/USD
8/6/2021,1.183572054,1.183572054,1.175640702,1.183319926,EUR/USD
8/9/2021,1.174950004,1.177163005,1.174177527,1.175088167,EUR/USD
8/10/2021,1.173846722,1.174399495,1.17106986,1.173900485,EUR/USD
8/11/2021,1.172333002,1.174687862,1.170644879,1.171975732,EUR/USD
8/12/2021,1.174189925,1.175100565,1.172511697,1.174205065,EUR/USD
8/13/2021,1.173626184,1.180300355,1.173103094,1.173612475,EUR/USD
8/16/2021,1.179467797,1.180358887,1.176802874,1.17963469,EUR/USD
8/17/2021,1.177994967,1.178411484,1.171056151,1.177994967,EUR/USD
8/18/2021,1.170973897,1.173100352,1.169686437,1.170960188,EUR/USD
8/19/2021,1.170329809,1.170686007,1.166874766,1.170384526,EUR/USD
8/20/2021,1.167659521,1.169099689,1.166493654,1.167678595,EUR/USD
8/23/2021,1.169754863,1.174329162,1.169560552,1.16997385,EUR/USD
8/24/2021,1.174453378,1.176484466,1.172814131,1.174674034,EUR/USD
8/25/2021,1.175309181,1.176055431,1.172855377,1.175502539,EUR/USD
8/26/2021,1.177440166,1.178133845,1.174784422,1.177300215,EUR/USD
8/27/2021,1.175640702,1.180358887,1.173598766,1.175295353,EUR/USD
8/30/2021,1.179900646,1.181195378,1.178453207,1.179996729,EUR/USD
8/31/2021,1.17969048,1.184553385,1.179648638,1.179940939,EUR/USD
9/1/2021,1.181028008,1.186000466,1.17950964,1.181195378,EUR/USD
9/2/2021,1.184090614,1.187225461,1.183479548,1.184230685,EUR/USD
9/3/2021,1.187648416,1.190759659,1.186816931,1.187422872,EUR/USD
9/6/2021,1.188594222,1.188636661,1.185705185,1.188594222,EUR/USD
9/7/2021,1.187507391,1.188777924,1.183829784,1.187394619,EUR/USD
9/8/2021,1.184356928,1.185400128,1.180317044,1.184553385,EUR/USD
9/9/2021,1.181910157,1.184132576,1.180609703,1.182033062,EUR/USD
9/10/2021,1.182592273,1.18530035,1.18193531,1.182354569,EUR/USD
9/13/2021,1.181195378,1.181753755,1.177060485,1.181251168,EUR/USD
9/14/2021,1.181195378,1.184699416,1.180199981,1.181069851,EUR/USD
9/15/2021,1.180498123,1.183300257,1.180099726,1.180358887,EUR/USD
9/16/2021,1.181999564,1.182312608,1.175171018,1.18193531,EUR/USD
9/17/2021,1.176747441,1.178967237,1.172965527,1.176484466,EUR/USD
9/20/2021,1.172993064,1.173708916,1.170055985,1.172883034,EUR/USD
9/21/2021,1.173020482,1.17489481,1.171591282,1.172566652,EUR/USD
9/22/2021,1.172291636,1.174453378,1.171714783,1.172607899,EUR/USD
9/23/2021,1.168770432,1.175100565,1.16841948,1.168893456,EUR/USD
9/24/2021,1.174025893,1.174812078,1.170165539,1.174177527,EUR/USD
9/27/2021,1.172305465,1.172800422,1.168661237,1.172209263,EUR/USD
9/28/2021,1.169679523,1.170599699,1.166997313,1.169604301,EUR/USD
9/29/2021,1.168633819,1.169199586,1.161008716,1.168688416,EUR/USD
9/30/2021,1.160160184,1.161170483,1.157005668,1.160227418,EUR/USD
10/1/2021,1.157447577,1.16089952,1.15639019,1.157420754,EUR/USD
10/4/2021,1.160725713,1.164008856,1.158856034,1.160725713,EUR/USD
10/5/2021,1.161844969,1.162250042,1.158305645,1.161656022,EUR/USD
10/6/2021,1.159608483,1.159958243,1.153016806,1.159514427,EUR/USD
10/7/2021,1.155534983,1.15713954,1.154934525,1.155534983,EUR/USD
10/8/2021,1.155975819,1.15837276,1.154254556,1.155922413,EUR/USD
10/11/2021,1.156604171,1.158748627,1.155294657,1.156590819,EUR/USD
10/12/2021,1.155374765,1.157005668,1.153389215,1.155294657,EUR/USD
10/13/2021,1.153402567,1.157900572,1.153056741,1.153096676,EUR/USD
10/14/2021,1.159958243,1.162500024,1.158466578,1.159958243,EUR/USD
10/15/2021,1.159151554,1.161980033,1.158882856,1.159070849,EUR/USD
10/18/2021,1.159702659,1.161210895,1.157300234,1.159595013,EUR/USD
10/19/2021,1.161386251,1.167000055,1.161453724,1.161453724,EUR/USD
10/20/2021,1.163196445,1.165400624,1.161804557,1.163385868,EUR/USD
10/21/2021,1.165501237,1.166997313,1.163318276,1.165243149,EUR/USD
10/22/2021,1.162533879,1.165406108,1.162236691,1.162588,EUR/USD
10/25/2021,1.164008856,1.166861176,1.159326196,1.164130807,EUR/USD
10/26/2021,1.161170483,1.162900209,1.158587456,1.161170483,EUR/USD
10/27/2021,1.159823656,1.162439227,1.158533692,1.159823656,EUR/USD
10/28/2021,1.160012007,1.169317126,1.158319116,1.159891009,EUR/USD
10/29/2021,1.168360829,1.169180393,1.154667735,1.168374419,EUR/USD
11/1/2021,1.155668497,1.159326196,1.154667735,1.155935645,EUR/USD
11/2/2021,1.159958243,1.1614995,1.157916665,1.160173535,EUR/USD
11/3/2021,1.157943487,1.159900427,1.156363487,1.158077598,EUR/USD
11/4/2021,1.161575079,1.161710024,1.152923822,1.161575079,EUR/USD
11/5/2021,1.155534983,1.156470418,1.15141046,1.155668497,EUR/USD
11/8/2021,1.156885147,1.15955472,1.155174613,1.156845093,EUR/USD
11/9/2021,1.159151554,1.160900831,1.157019019,1.158869386,EUR/USD
11/10/2021,1.15955472,1.159823656,1.15134418,1.159366488,EUR/USD
11/11/2021,1.148593545,1.1491611,1.145488501,1.1485672,EUR/USD
11/12/2021,1.145081878,1.145987391,1.143405914,1.144780397,EUR/USD
11/15/2021,1.144164801,1.146420836,1.141695857,1.144230247,EUR/USD
11/16/2021,1.13664782,1.138700604,1.133067369,1.136738181,EUR/USD
11/17/2021,1.132118225,1.133400083,1.127052665,1.1316185,EUR/USD
11/18/2021,1.132118225,1.135976434,1.131503344,1.131810665,EUR/USD
11/19/2021,1.136841536,1.13700974,1.125239134,1.13700974,EUR/USD
11/22/2021,1.127573729,1.129050493,1.123822808,1.127573729,EUR/USD
11/23/2021,1.12421453,1.127344847,1.122712493,1.124353528,EUR/USD
11/24/2021,1.124492645,1.125454426,1.118780971,1.124391437,EUR/USD
11/25/2021,1.120297551,1.123090744,1.120398045,1.120699286,EUR/USD
11/26/2021,1.120963097,1.132200241,1.12079978,1.120900393,EUR/USD
11/29/2021,1.129318237,1.129800558,1.125885248,1.12911427,EUR/USD
11/30/2021,1.129343748,1.138174415,1.124606371,1.129356503,EUR/USD
12/1/2021,1.133028984,1.13584733,1.130416036,1.133003235,EUR/USD
12/2/2021,1.131951571,1.13481617,1.1301862,1.131964445,EUR/USD
12/3/2021,1.130620599,1.133183002,1.12673521,1.130684495,EUR/USD
12/6/2021,1.130479932,1.1310004,1.126900196,1.130262733,EUR/USD
12/7/2021,1.128668189,1.12994349,1.123128533,1.128451586,EUR/USD
12/8/2021,1.127650023,1.13390255,1.126963735,1.1273067,EUR/USD
12/9/2021,1.134558678,1.134558678,1.127942562,1.134404302,EUR/USD
12/10/2021,1.129330993,1.13225925,1.12673521,1.129407525,EUR/USD
12/13/2021,1.131183386,1.131605744,1.126354456,1.13111937,EUR/USD
12/14/2021,1.128540754,1.132759452,1.126659036,1.128337145,EUR/USD
12/15/2021,1.12612617,1.127800107,1.124922633,1.125872612,EUR/USD
12/16/2021,1.129075885,1.136363626,1.128209829,1.129305482,EUR/USD
12/17/2021,1.133414149,1.134906292,1.126836658,1.133542657,EUR/USD
12/20/2021,1.124353528,1.130454421,1.123734355,1.124252319,EUR/USD
12/21/2021,1.127751708,1.130326629,1.126176834,1.127675414,EUR/USD
12/22/2021,1.128757358,1.134199619,1.126532078,1.129050493,EUR/USD
12/23/2021,1.132887721,1.134558678,1.129152417,1.133016109,EUR/USD
12/24/2021,1.132733703,1.134429932,1.130837917,1.132464409,EUR/USD
12/27/2021,1.132425904,1.133500218,1.130416036,1.1323874,EUR/USD
12/28/2021,1.133003235,1.133600473,1.129037738,1.132977605,EUR/USD
12/29/2021,1.131477714,1.137000561,1.127535582,1.131336927,EUR/USD
12/30/2021,1.136015058,1.135976434,1.130071282,1.135976434,EUR/USD
12/31/2021,1.132502794,1.137915373,1.130505562,1.132323265,EUR/USD
1/3/2022,1.13734591,1.13759172,1.128540754,1.137384653,EUR/USD
1/4/2022,1.130224466,1.132300138,1.127344847,1.130198836,EUR/USD
1/5/2022,1.128362536,1.134558678,1.127764463,1.128540754,EUR/USD
1/6/2022,1.131349683,1.133067369,1.12855351,1.131221771,EUR/USD
1/7/2022,1.129688144,1.135976434,1.129050493,1.129586101,EUR/USD
1/10/2022,1.135396004,1.135976434,1.128833771,1.135344386,EUR/USD
1/11/2022,1.133041739,1.13689971,1.131554484,1.133272886,EUR/USD
1/12/2022,1.13664782,1.143300056,1.135576487,1.13700974,EUR/USD
1/13/2022,1.144164801,1.147907972,1.143641353,1.143981457,EUR/USD
1/14/2022,1.145711541,1.148369312,1.141005397,1.145659089,EUR/USD
1/17/2022,1.141070485,1.143458366,1.139315486,1.141213775,EUR/USD
1/18/2022,1.141057491,1.142334938,1.13296473,1.141291857,EUR/USD
1/19/2022,1.13296473,1.135679603,1.131951571,1.133003235,EUR/USD
1/20/2022,1.134339929,1.136893392,1.133016109,1.134352684,EUR/USD
1/21/2022,1.131375313,1.136105418,1.130224466,1.131541729,EUR/USD
1/24/2022,1.134146929,1.13409543,1.129139662,1.13409543,EUR/USD
1/25/2022,1.13241303,1.132502794,1.126684427,1.1323874,EUR/USD
1/26/2022,1.130454421,1.131349683,1.127205133,1.130352259,EUR/USD
1/27/2022,1.124353528,1.12447989,1.113350153,1.124227047,EUR/USD
1/28/2022,1.11470294,1.117006421,1.112334728,1.114615917,EUR/USD
1/31/2022,1.115237474,1.121692419,1.114504099,1.115138054,EUR/USD
2/1/2022,1.122964621,1.127904296,1.122208476,1.122914195,EUR/USD
2/2/2022,1.12739563,1.1329391,1.126697063,1.1273067,EUR/USD
2/3/2022,1.129994631,1.145068765,1.127205133,1.129994631,EUR/USD
2/4/2022,1.143575907,1.148369312,1.14134407,1.14351058,EUR/USD
2/7/2022,1.145514727,1.146000385,1.141669869,1.145462275,EUR/USD
2/8/2022,1.144295692,1.145081878,1.139705062,1.144086242,EUR/USD
2/9/2022,1.142126203,1.144700408,1.140328884,1.14211309,EUR/USD
2/10/2022,1.14215219,1.149425268,1.138083696,1.142126203,EUR/USD
2/11/2022,1.141552567,1.141900539,1.137125969,1.141174674,EUR/USD
2/14/2022,1.136505723,1.136893392,1.129279971,1.136583209,EUR/USD
2/15/2022,1.130633473,1.136880398,1.130582213,1.130607843,EUR/USD
2/16/2022,1.135679603,1.139315486,1.134545803,1.135563612,EUR/USD
2/17/2022,1.137526989,1.138692737,1.132759452,1.137332916,EUR/USD
2/18/2022,1.13664782,1.137669325,1.131580114,1.136389375,EUR/USD
2/21/2022,1.13172102,1.138563156,1.131413698,1.131733775,EUR/USD
2/22/2022,1.130965829,1.136376619,1.128910184,1.130965829,EUR/USD
2/23/2022,1.132913351,1.135976434,1.130735636,1.133054614,EUR/USD
2/24/2022,1.130569458,1.130594969,1.111049414,1.130594969,EUR/USD
2/25/2022,1.11906898,1.126608253,1.116806865,1.119081497,EUR/USD
2/28/2022,1.118105412,1.124454618,1.114317894,1.118105412,EUR/USD
3/1/2022,1.121591806,1.123216867,1.110210538,1.121465921,EUR/USD
3/2/2022,1.113275886,1.114193678,1.105852127,1.113102317,EUR/USD
3/3/2022,1.111234546,1.111605167,1.103984237,1.111358047,EUR/USD
3/4/2022,1.106684446,1.106929421,1.089004278,1.106929421,EUR/USD
3/7/2022,1.087453008,1.093075395,1.080859065,1.08739388,EUR/USD
3/8/2022,1.086531281,1.092215776,1.085116506,1.086956501,EUR/USD
3/9/2022,1.089823246,1.109114766,1.089787602,1.090084553,EUR/USD
3/10/2022,1.107382894,1.111617446,1.098213196,1.107333899,EUR/USD
3/11/2022,1.101394415,1.104191542,1.093469739,1.101212382,EUR/USD
3/14/2022,1.093206763,1.098695874,1.090250969,1.093254685,EUR/USD
3/15/2022,1.094319344,1.101831198,1.093948245,1.094534993,EUR/USD
3/16/2022,1.096936345,1.103874564,1.095578194,1.096731663,EUR/USD
3/17/2022,1.102195501,1.111049414,1.102122664,1.102244258,EUR/USD
3/18/2022,1.109951854,1.111790538,1.100533724,1.109890223,EUR/USD
3/21/2022,1.104313493,1.106672168,1.1026088,1.10421598,EUR/USD
3/22/2022,1.101722002,1.104569554,1.09615469,1.101637006,EUR/USD
3/23/2022,1.10297358,1.104200125,1.096575379,1.103010058,EUR/USD
3/24/2022,1.100630641,1.101333737,1.096996427,1.100630641,EUR/USD
3/25/2022,1.10095787,1.103874564,1.098297596,1.100897193,EUR/USD
3/28/2022,1.098189116,1.099674463,1.094534993,1.098189116,EUR/USD
3/29/2022,1.099384308,1.113635302,1.097044587,1.099384308,EUR/USD
3/30/2022,1.109151602,1.117000103,1.108905554,1.109151602,EUR/USD
3/31/2022,1.116183519,1.118305564,1.107400179,1.116183519,EUR/USD
4/1/2022,1.107235789,1.107542396,1.10297358,1.107235789,EUR/USD
4/4/2022,1.104728222,1.1057055,1.098092675,1.104728222,EUR/USD
4/5/2022,1.097586393,1.099142671,1.09213233,1.097586393,EUR/USD
4/6/2022,1.090643287,1.093744874,1.087571263,1.090643287,EUR/USD
4/7/2022,1.089823246,1.09350574,1.086720347,1.089823246,EUR/USD
4/8/2022,1.086484075,1.089194059,1.083693624,1.086484075,EUR/USD
4/11/2022,1.088494658,1.093278527,1.087464809,1.088494658,EUR/USD
4/12/2022,1.087795973,1.090393662,1.085187197,1.087795973,EUR/USD
4/13/2022,1.082614303,1.087381959,1.081034303,1.082614303,EUR/USD
4/14/2022,1.089656949,1.09226346,1.075858831,1.089656949,EUR/USD
4/15/2022,1.082098842,1.08234477,1.079878688,1.082098842,EUR/USD
4/18/2022,1.081525445,1.081583858,1.07836473,1.081525445,EUR/USD
4/19/2022,1.078178763,1.08120966,1.076194525,1.078178763,EUR/USD
4/20/2022,1.079447269,1.086720347,1.078481078,1.079447269,EUR/USD
4/21/2022,1.084987044,1.093469739,1.082438588,1.084987044,EUR/USD
4/22/2022,1.083517551,1.085422754,1.077284336,1.083517551,EUR/USD
4/25/2022,1.081104517,1.081221342,1.070033669,1.081104517,EUR/USD
4/26/2022,1.071420908,1.073883176,1.064463973,1.071420908,EUR/USD
4/27/2022,1.06436193,1.065643668,1.051668525,1.06436193,EUR/USD
4/28/2022,1.05550921,1.056222677,1.047284842,1.05550921,EUR/USD
4/29/2022,1.050420165,1.059041619,1.05054152,1.050420165,EUR/USD
5/2/2022,1.053596497,1.056769609,1.050398111,1.053596497,EUR/USD
5/3/2022,1.050905824,1.05776453,1.049439073,1.050905824,EUR/USD
5/4/2022,1.052853227,1.056635737,1.050651908,1.052853227,EUR/USD
5/5/2022,1.062247753,1.063999653,1.050464272,1.062247753,EUR/USD
5/6/2022,1.053974032,1.059838533,1.048536777,1.053974032,EUR/USD
5/9/2022,1.053219199,1.057216525,1.049659371,1.053219199,EUR/USD
5/10/2022,1.056579828,1.058581948,1.052731276,1.056579828,EUR/USD
5/11/2022,1.053296804,1.057563186,1.050707102,1.053296804,EUR/USD
5/12/2022,1.051248312,1.052975178,1.037355185,1.051248312,EUR/USD
5/13/2022,1.037958145,1.041938066,1.035196662,1.037958145,EUR/USD
5/16/2022,1.040063262,1.043797731,1.039133787,1.040063262,EUR/USD
5/17/2022,1.043895841,1.055375576,1.043242455,1.043895841,EUR/USD
5/18/2022,1.054785609,1.056412458,1.049240947,1.054785609,EUR/USD
5/19/2022,1.047273993,1.059804797,1.046605349,1.047273993,EUR/USD
5/20/2022,1.05789876,1.059883475,1.054107308,1.05789876,EUR/USD
5/23/2022,1.056981921,1.069027066,1.056870222,1.056981921,EUR/USD
5/24/2022,1.06820488,1.07463336,1.066200376,1.06820488,EUR/USD
5/25/2022,1.073652506,1.073652506,1.064407229,1.073652506,EUR/USD
5/26/2022,1.068661451,1.072869301,1.066450477,1.068661451,EUR/USD
5/27/2022,1.073295355,1.076507449,1.069804788,1.073295355,EUR/USD
5/30/2022,1.073145628,1.078515887,1.072742701,1.073145628,EUR/USD
5/31/2022,1.077353954,1.07749331,1.068216324,1.077353954,EUR/USD
6/1/2022,1.073410511,1.073664069,1.063173771,1.073410511,EUR/USD
6/2/2022,1.065416574,1.073848605,1.064565897,1.065416574,EUR/USD
6/3/2022,1.075106978,1.076542139,1.07066381,1.075106978,EUR/USD
6/6/2022,1.072604656,1.075268865,1.06860435,1.072604656,EUR/USD
6/7/2022,1.069141388,1.070893168,1.065280437,1.069141388,EUR/USD
6/8/2022,1.069862008,1.074829698,1.067327023,1.069862008,EUR/USD
6/9/2022,1.071765423,1.077005982,1.06471324,1.071765423,EUR/USD
6/10/2022,1.061920524,1.064214706,1.050773382,1.061920524,EUR/USD
6/13/2022,1.048998713,1.049758554,1.041905403,1.048998713,EUR/USD
6/14/2022,1.041514754,1.048239946,1.03982532,1.041514754,EUR/USD
6/15/2022,1.044059277,1.050718188,1.038626552,1.044059277,EUR/USD
6/16/2022,1.045620441,1.05303061,1.038259864,1.045620441,EUR/USD
6/17/2022,1.054685473,1.055175185,1.044560909,1.054685473,EUR/USD
6/20/2022,1.049141765,1.05451858,1.048635721,1.049141765,EUR/USD
6/21/2022,1.052077889,1.058189869,1.051425219,1.052077889,EUR/USD
6/22/2022,1.053263545,1.060287952,1.047186136,1.053263545,EUR/USD
6/23/2022,1.056412458,1.058066726,1.048448801,1.056412458,EUR/USD
6/24/2022,1.05201149,1.056914806,1.051369905,1.05201149,EUR/USD
6/27/2022,1.056613326,1.061424613,1.055086017,1.056613326,EUR/USD
6/28/2022,1.058089137,1.060501575,1.05057466,1.058089137,EUR/USD
6/29/2022,1.052354574,1.053629756,1.046802521,1.052354574,EUR/USD
6/30/2022,1.044659138,1.04787755,1.038389325,1.044659138,EUR/USD
7/1/2022,1.047767758,1.047789693,1.03698945,1.047767758,EUR/USD
7/4/2022,1.043394804,1.046353459,1.041807771,1.043394804,EUR/USD
7/5/2022,1.043318629,1.044855714,1.02373004,1.043318629,EUR/USD
7/6/2022,1.025767326,1.027390242,1.016218781,1.025767326,EUR/USD
7/7/2022,1.018641114,1.021920204,1.015331507,1.018641114,EUR/USD
7/8/2022,1.016983628,1.019108295,1.007973075,1.016983628,EUR/USD
7/11/2022,1.016611457,1.0167768,1.005429268,1.016611457,EUR/USD
7/12/2022,1.004752517,1.007384181,1.00011003,1.004752517,EUR/USD
7/13/2022,1.003310919,1.011623502,0.99988997,1.003310919,EUR/USD
7/14/2022,1.003270626,1.004924059,0.995361626,1.003270626,EUR/USD
7/15/2022,1.002566576,1.00979507,1.001061082,1.002566576,EUR/USD
7/18/2022,1.009631872,1.019887805,1.008237362,1.009631872,EUR/USD
7/19/2022,1.014517784,1.02682054,1.01256597,1.014517784,EUR/USD
7/20/2022,1.023133039,1.027189732,1.017594218,1.023133039,EUR/USD
7/21/2022,1.018278122,1.027537942,1.016311765,1.018278122,EUR/USD
7/22/2022,1.022108197,1.025514841,1.013397098,1.022108197,EUR/USD
7/25/2022,1.020023108,1.025640965,1.018060446,1.020023108,EUR/USD
7/26/2022,1.022494912,1.024905205,1.011398435,1.022494912,EUR/USD
7/27/2022,1.012955785,1.017190576,1.010744214,1.012955785,EUR/USD
7/28/2022,1.020929098,1.023311019,1.011572361,1.020929098,EUR/USD
7/29/2022,1.019232869,1.025378108,1.014857531,1.019232869,EUR/USD
8/1/2022,1.02082479,1.027749181,1.020960331,1.02082479,EUR/USD
8/2/2022,1.026135683,1.029314876,1.018371463,1.026135683,EUR/USD
8/3/2022,1.015568733,1.020762324,1.012319922,1.015568733,EUR/USD
8/4/2022,1.015764594,1.023248196,1.015599608,1.015764594,EUR/USD
8/5/2022,1.024779201,1.024905205,1.014363408,1.024779201,EUR/USD
8/8/2022,1.017087102,1.022181392,1.016002059,1.017087102,EUR/USD
8/9/2022,1.019762993,1.024695158,1.018921375,1.019762993,EUR/USD
8/10/2022,1.020814419,1.03691411,1.020304084,1.020814419,EUR/USD
8/11/2022,1.030078292,1.036591649,1.027633071,1.030078292,EUR/USD
8/12/2022,1.031672359,1.032737851,1.02396071,1.031672359,EUR/USD
8/15/2022,1.025640965,1.026715159,1.018226266,1.025640965,EUR/USD
8/16/2022,1.016198158,1.01944077,1.012340426,1.016198158,EUR/USD
8/17/2022,1.01706636,1.019783854,1.014806032,1.01706636,EUR/USD
8/18/2022,1.018018961,1.019367933,1.011316657,1.018018961,EUR/USD
8/19/2022,1.008990049,1.011224627,1.003623128,1.008990049,EUR/USD
8/22/2022,1.003522396,1.004823208,0.992772639,1.003522396,EUR/USD
8/23/2022,0.993946791,1.001903653,0.990314662,0.993946791,EUR/USD
8/24/2022,0.996690989,0.999820054,0.991198123,0.996690989,EUR/USD
8/25/2022,0.996909559,1.003059387,0.995678723,0.996909559,EUR/USD
8/26/2022,0.997128308,1.008827209,0.99472791,0.997128308,EUR/USD
8/29/2022,0.993867815,1.003109574,0.991493046,0.993867815,EUR/USD
8/30/2022,1.001401901,1.005227208,0.998342752,1.001401901,EUR/USD
8/31/2022,1.002506256,1.007739425,0.997168005,1.002506256,EUR/USD
9/1/2022,1.003905177,1.004580855,0.991738856,1.003905177,EUR/USD
9/2/2022,0.99523288,1.003331065,0.995123923,0.99523288,EUR/USD
9/5/2022,0.990942776,0.994352102,0.988083661,0.990942776,EUR/USD
9/6/2022,0.995222986,0.998532176,0.98651439,0.995222986,EUR/USD
9/7/2022,0.989795148,0.995520115,0.987781167,0.989795148,EUR/USD
9/8/2022,0.999570191,1.002908468,0.993344545,0.999570191,EUR/USD
9/9/2022,1.00120151,1.011224627,1.000930905,1.00120151,EUR/USD
9/12/2022,1.007140636,1.019679785,1.006471634,1.007140636,EUR/USD
9/13/2022,1.012955785,1.018744946,0.999580204,1.012955785,EUR/USD
9/14/2022,0.998203278,1.002275109,0.996363342,0.998203278,EUR/USD
9/15/2022,0.998402536,1.001793146,0.995748222,0.998402536,EUR/USD
9/16/2022,0.998831332,1.003562689,0.994579554,0.998831332,EUR/USD
9/19/2022,1.002234936,1.002807856,0.996681035,1.002234936,EUR/USD
9/20/2022,1.002958775,1.005025148,0.995708466,1.002958775,EUR/USD
9/21/2022,0.997078538,0.997406781,0.986913502,0.997078538,EUR/USD
9/22/2022,0.983071506,0.990618825,0.981103897,0.983071506,EUR/USD
9/23/2022,0.984155059,0.985221684,0.97039336,0.984155059,EUR/USD
9/26/2022,0.968992293,0.969988525,0.958230793,0.968992293,EUR/USD
9/27/2022,0.96237123,0.967005789,0.959453464,0.96237123,EUR/USD
9/28/2022,0.959619164,0.968626201,0.954016387,0.959619164,EUR/USD
9/29/2022,0.970817208,0.978732228,0.96382761,0.970817208,EUR/USD
9/30/2022,0.982955575,0.984998524,0.973605573,0.982955575,EUR/USD
10/3/2022,0.979268849,0.98442632,0.97536236,0.979268849,EUR/USD
10/4/2022,0.983206868,0.998013973,0.980671048,0.983206868,EUR/USD
10/5/2022,0.998432457,0.999420404,0.983545363,0.998432457,EUR/USD
10/6/2022,0.991099894,0.992634714,0.978933334,0.991099894,EUR/USD
10/7/2022,0.978904545,0.981604695,0.973169684,0.978904545,EUR/USD
10/10/2022,0.973501265,0.975229144,0.968251109,0.973501265,EUR/USD
10/11/2022,0.971005738,0.975809634,0.967398703,0.971005738,EUR/USD
10/12/2022,0.970016778,0.973302245,0.966968358,0.970016778,EUR/USD
10/13/2022,0.970798433,0.979508638,0.963595331,0.970798433,EUR/USD
10/14/2022,0.975134015,0.980382562,0.970949233,0.975134015,EUR/USD
10/17/2022,0.973937452,0.984707475,0.972450495,0.973937452,EUR/USD
10/18/2022,0.984639645,0.987361789,0.981460214,0.984639645,EUR/USD
10/19/2022,0.986387849,0.986699343,0.976019204,0.986387849,EUR/USD
10/20/2022,0.976648271,0.984513581,0.975552619,0.976648271,EUR/USD
10/21/2022,0.977889955,0.985697508,0.970732391,0.977889955,EUR/USD
10/24/2022,0.986008584,0.988963127,0.980892241,0.986008584,EUR/USD
10/25/2022,0.988650322,0.997536063,0.985221684,0.988650322,EUR/USD
10/26/2022,0.996373117,1.008054376,0.994460821,0.996373117,EUR/USD
10/27/2022,1.009193778,1.009489179,0.997645557,1.009193778,EUR/USD
10/28/2022,0.996780396,0.999899983,0.993147314,0.996780396,EUR/USD
10/31/2022,0.995500267,0.996810138,0.987352014,0.995500267,EUR/USD
11/1/2022,0.988630772,0.995163441,0.98621273,0.988630772,EUR/USD
11/2/2022,0.987790942,0.99135536,0.986757696,0.987790942,EUR/USD
11/3/2022,0.981440902,0.983961463,0.973122418,0.981440902,EUR/USD
11/4/2022,0.974963009,0.993818462,0.974848926,0.974963009,EUR/USD
11/7/2022,0.99288106,1.000500321,0.991945446,0.99288106,EUR/USD
11/8/2022,1.00186348,1.009417892,0.997605681,1.00186348,EUR/USD
11/9/2022,1.008084774,1.008878112,1.001251578,1.008084774,EUR/USD
11/10/2022,1.00195384,1.018298864,0.993778884,1.00195384,EUR/USD
11/11/2022,1.019222498,1.033837438,1.016621709,1.019222498,EUR/USD
11/14/2022,1.032855153,1.035025239,1.027358532,1.032855153,EUR/USD
11/15/2022,1.031927824,1.047548175,1.031385064,1.031927824,EUR/USD
11/16/2022,1.03578639,1.043732405,1.033645153,1.03578639,EUR/USD
11/17/2022,1.039501071,1.040571928,1.030949116,1.039501071,EUR/USD
11/18/2022,1.036172867,1.039587498,1.032801747,1.036172867,EUR/USD
11/21/2022,1.033089876,1.033324718,1.022704005,1.033089876,EUR/USD
11/22/2022,1.024569154,1.029018283,1.024338245,1.024569154,EUR/USD
11/23/2022,1.031108618,1.038205981,1.029813051,1.031108618,EUR/USD
11/24/2022,1.041623354,1.044822931,1.038367629,1.041623354,EUR/USD
11/25/2022,1.040810227,1.042905092,1.035614729,1.040810227,EUR/USD
11/28/2022,1.03675282,1.049670458,1.034243822,1.03675282,EUR/USD
11/29/2022,1.034554124,1.039414644,1.032545805,1.034554124,EUR/USD
11/30/2022,1.032449961,1.039457798,1.029230118,1.032449961,EUR/USD
12/1/2022,1.042535424,1.053141475,1.039792895,1.042535424,EUR/USD
12/2/2022,1.05284214,1.05451858,1.043416619,1.05284214,EUR/USD
12/5/2022,1.054418564,1.059411764,1.049240947,1.054418564,EUR/USD
12/6/2022,1.049692392,1.053208113,1.047701836,1.049692392,EUR/USD
12/7/2022,1.046901107,1.054618716,1.044375539,1.046901107,EUR/USD
12/8/2022,1.051325798,1.056311965,1.049163818,1.051325798,EUR/USD
12/9/2022,1.055966139,1.058839679,1.052000403,1.055966139,EUR/USD
12/12/2022,1.052221775,1.057921171,1.050707102,1.052221775,EUR/USD
12/13/2022,1.054173946,1.066894293,1.052930832,1.054173946,EUR/USD
12/14/2022,1.062665343,1.066985369,1.062010884,1.062665343,EUR/USD
12/15/2022,1.067634702,1.072558641,1.060737848,1.067634702,EUR/USD
12/16/2022,1.064056158,1.066325426,1.059939623,1.064056158,EUR/USD
12/19/2022,1.058503509,1.065900326,1.057719827,1.058503509,EUR/USD
12/20/2022,1.061458468,1.065552831,1.058066726,1.061458468,EUR/USD
12/21/2022,1.062699318,1.064350605,1.059703708,1.062699318,EUR/USD
12/22/2022,1.061007977,1.065745831,1.058402658,1.061007977,EUR/USD
12/23/2022,1.060333014,1.063117266,1.058794856,1.060333014,EUR/USD
12/26/2022,1.066780448,1.06371665,1.060895324,1.066780448,EUR/USD
12/27/2022,1.064022183,1.066899896,1.061244369,1.064022183,EUR/USD
12/28/2022,1.06371665,1.067429543,1.061390877,1.06371665,EUR/USD
12/29/2022,1.0629251,1.067019463,1.061233163,1.0629251,EUR/USD
12/30/2022,1.066075325,1.069793344,1.063920379,1.066075325,EUR/USD
1/2/2023,1.070973396,1.071237326,1.065325737,1.070973396,EUR/USD
1/3/2023,1.067771435,1.068261981,1.052155375,1.067771435,EUR/USD
1/4/2023,1.054685473,1.06315124,1.054596424,1.054685473,EUR/USD
1/5/2023,1.06063652,1.063264251,1.051557899,1.06063652,EUR/USD
1/6/2023,1.052221775,1.062225103,1.04852581,1.052221775,EUR/USD
1/9/2023,1.065632343,1.075951457,1.065280437,1.065632343,EUR/USD
1/10/2023,1.073318362,1.075685263,1.071317554,1.073318362,EUR/USD
1/11/2023,1.07389462,1.077470064,1.072685122,1.07389462,EUR/USD
1/12/2023,1.076600075,1.083834648,1.073802471,1.076600075,EUR/USD
1/13/2023,1.086023927,1.086779356,1.078062534,1.086023927,EUR/USD
1/16/2023,1.082461953,1.087547541,1.080263615,1.082461953,EUR/USD
1/17/2023,1.083012938,1.086909294,1.078702092,1.083012938,EUR/USD
1/18/2023,1.079330802,1.088447213,1.076704383,1.079330802,EUR/USD
1/19/2023,1.079785347,1.083306313,1.078294992,1.079785347,EUR/USD
1/20/2023,1.083388329,1.085658431,1.080461979,1.083388329,EUR/USD
1/23/2023,1.086507797,1.091953397,1.084751606,1.086472392,EUR/USD
1/24/2023,1.087429285,1.089680791,1.083928585,1.087429285,EUR/USD
1/25/2023,1.088814616,1.09226346,1.085811615,1.088814616,EUR/USD
1/26/2023,1.092203856,1.093254685,1.085163593,1.092203856,EUR/USD
1/27/2023,1.089443207,1.090155959,1.083881617,1.089443207,EUR/USD
1/30/2023,1.087145567,1.091500521,1.085458159,1.087145567,EUR/USD
1/31/2023,1.085069418,1.086838365,1.080415249,1.085069418,EUR/USD
2/1/2023,1.086094737,1.092442513,1.085293174,1.086094737,EUR/USD
2/2/2023,1.101285219,1.102657437,1.088767171,1.101285219,EUR/USD
2/3/2023,1.090512514,1.094067931,1.081104517,1.090512514,EUR/USD
2/6/2023,1.079086185,1.080030203,1.071834326,1.079086185,EUR/USD
2/7/2023,1.073076487,1.074599743,1.066951156,1.073076487,EUR/USD
2/8/2023,1.072972894,1.076020837,1.071684957,1.072972894,EUR/USD
2/9/2023,1.071581602,1.079039693,1.071156979,1.071581602,EUR/USD
2/10/2023,1.07422924,1.075176358,1.066928387,1.07422924,EUR/USD
2/13/2023,1.067771435,1.072501063,1.065723181,1.067771435,EUR/USD
2/14/2023,1.073041916,1.07984364,1.070996404,1.073041916,EUR/USD
2/15/2023,1.07357192,1.07446003,1.066598415,1.07357192,EUR/USD
2/16/2023,1.06917572,1.072225094,1.06557548,1.06917572,EUR/USD
2/17/2023,1.066575646,1.068147779,1.061379552,1.066575646,EUR/USD
2/20/2023,1.06844449,1.07054925,1.067156076,1.06844449,EUR/USD
2/21/2023,1.068261981,1.069564462,1.064486623,1.068261981,EUR/USD
2/22/2023,1.065200925,1.066552877,1.061909318,1.065200925,EUR/USD
2/23/2023,1.060580373,1.063038111,1.058201075,1.060580373,EUR/USD
2/24/2023,1.059804797,1.061424613,1.053774118,1.059804797,EUR/USD
2/27/2023,1.055475831,1.061864257,1.053352237,1.055475831,EUR/USD
2/28/2023,1.06112051,1.064500213,1.058234692,1.06112051,EUR/USD
3/1/2023,1.057730913,1.069107056,1.056568623,1.057730913,EUR/USD
3/2/2023,1.066894293,1.067270041,1.058346629,1.066894293,EUR/USD
3/3/2023,1.05997324,1.0629251,1.059131265,1.05997324,EUR/USD
3/6/2023,1.062620163,1.069381475,1.062304139,1.062620163,EUR/USD
3/7/2023,1.068832874,1.069633126,1.057160616,1.068832874,EUR/USD
3/8/2023,1.05507493,1.057328343,1.052664757,1.05507493,EUR/USD
3/9/2023,1.054952502,1.058649182,1.053851843,1.054952502,EUR/USD
3/10/2023,1.058469892,1.069862008,1.057574391,1.058469892,EUR/USD
3/13/2023,1.06836462,1.073721766,1.065235019,1.06836462,EUR/USD
3/14/2023,1.072501063,1.074714065,1.067965269,1.072501063,EUR/USD
3/15/2023,1.072765708,1.076009274,1.052033544,1.072765708,EUR/USD
3/16/2023,1.058335423,1.063456416,1.05550921,1.058335423,EUR/USD
3/17/2023,1.061413407,1.0669626,1.061210632,1.061413407,EUR/USD
3/20/2023,1.067885518,1.073053479,1.063241601,1.067885518,EUR/USD
3/21/2023,1.071914792,1.078725338,1.07049191,1.071914792,EUR/USD
3/22/2023,1.077423692,1.080146909,1.075951457,1.077423692,EUR/USD
3/23/2023,1.087039232,1.092899799,1.086861968,1.087039232,EUR/USD
3/24/2023,1.08350575,1.083900332,1.071891785,1.08350575,EUR/USD
3/27/2023,1.077818513,1.079599977,1.074806571,1.077818513,EUR/USD
3/28/2023,1.080707192,1.084899902,1.080403566,1.080707192,EUR/USD
3/29/2023,1.083952069,1.087199926,1.082134008,1.083952069,EUR/USD
3/30/2023,1.084363461,1.09239471,1.082696319,1.084363461,EUR/USD
3/31/2023,1.09046495,1.092585683,1.086059332,1.09046495,EUR/USD
4/3/2023,1.080333591,1.091572046,1.078934908,1.080333591,EUR/USD
4/4/2023,1.091226578,1.097164869,1.088387966,1.091226578,EUR/USD
4/5/2023,1.096010566,1.096924186,1.090536237,1.096010566,EUR/USD
4/6/2023,1.090334177,1.093015671,1.088553905,1.090334177,EUR/USD
4/7/2023,1.092013001,1.092537999,1.088103771,1.092013001,EUR/USD
4/10/2023,1.091357589,1.091822267,1.083247542,1.091357589,EUR/USD
4/11/2023,1.086932898,1.092669249,1.086802959,1.086932898,EUR/USD
4/12/2023,1.091750741,1.0998559,1.091524363,1.091750741,EUR/USD
4/13/2023,1.099989057,1.106899977,1.098164916,1.099989057,EUR/USD
4/14/2023,1.105461001,1.107542396,1.097803235,1.105461001,EUR/USD
4/17/2023,1.098659635,1.099904299,1.091071725,1.098659635,EUR/USD
4/18/2023,1.092537999,1.098345876,1.092275381,1.092537999,EUR/USD
4/19/2023,1.097538233,1.098659635,1.091834188,1.097538233,EUR/USD
4/20/2023,1.095218301,1.098901033,1.093433976,1.095218301,EUR/USD
4/21/2023,1.097092748,1.09925139,1.093972206,1.097092748,EUR/USD
4/24/2023,1.09922719,1.103423834,1.096876144,1.09922719,EUR/USD
4/25/2023,1.105949998,1.106806874,1.096924186,1.105949998,EUR/USD
4/26/2023,1.097839475,1.109410048,1.096924186,1.097839475,EUR/USD
4/27/2023,1.104728222,1.106561899,1.099420667,1.104728222,EUR/USD
4/28/2023,1.103204846,1.104374409,1.096563339,1.103204846,EUR/USD
5/1/2023,1.101091146,1.103557825,1.096695662,1.101091146,EUR/USD
5/2/2023,1.096924186,1.100521684,1.094355345,1.096924186,EUR/USD
5/3/2023,1.101091146,1.10581553,1.100594401,1.101091146,EUR/USD
5/4/2023,1.106892586,1.109139323,1.098683834,1.106892586,EUR/USD
5/5/2023,1.102292776,1.104800224,1.097164869,1.102292776,EUR/USD
5/8/2023,1.101867676,1.105338812,1.101248741,1.101867676,EUR/USD
5/9/2023,1.099614024,1.100110054,1.094403267,1.099614024,EUR/USD
5/10/2023,1.096467137,1.100473166,1.094283462,1.096467137,EUR/USD
5/11/2023,1.098406196,1.099868059,1.090132117,1.098406196,EUR/USD
5/12/2023,1.091214538,1.093517661,1.085564137,1.091214538,EUR/USD
5/15/2023,1.08526969,1.08920598,1.084857583,1.08526969,EUR/USD
5/16/2023,1.087370157,1.090358019,1.085670233,1.087370157,EUR/USD
5/17/2023,1.086566806,1.087547541,1.08116293,1.086566806,EUR/USD
5/18/2023,1.083834648,1.084951758,1.076542139,1.083834648,EUR/USD
5/19/2023,1.077539682,1.08239162,1.076101899,1.077539682,EUR/USD
5/22/2023,1.082274556,1.083071589,1.079657078,1.082274556,EUR/USD
5/23/2023,1.081104517,1.082134008,1.076379895,1.081104517,EUR/USD
5/24/2023,1.076971173,1.079936981,1.074968338,1.076971173,EUR/USD
5/25/2023,1.075731516,1.075419188,1.070996404,1.075731516,EUR/USD
5/26/2023,1.072443604,1.075754642,1.07020545,1.072443604,EUR/USD
5/29/2023,1.07230556,1.074575543,1.070629478,1.07230556,EUR/USD
5/30/2023,1.070766926,1.074575543,1.067338467,1.070766926,EUR/USD
5/31/2023,1.073306918,1.073883176,1.06516695,1.073306918,EUR/USD
6/1/2023,1.069518685,1.075399518,1.066416383,1.069518685,EUR/USD
6/2/2023,1.076078773,1.077934742,1.071811318,1.076078773,EUR/USD
6/5/2023,1.069862008,1.072270989,1.06747508,1.069862008,EUR/USD
6/6/2023,1.071179867,1.073306918,1.06673491,1.071179867,EUR/USD
6/7/2023,1.069804788,1.074021578,1.066882968,1.069804788,EUR/USD
6/8/2023,1.070744038,1.078283429,1.070216894,1.070744038,EUR/USD
6/9/2023,1.078271747,1.078748703,1.074771881,1.078271747,EUR/USD
6/12/2023,1.075095415,1.078969717,1.073433518,1.075095415,EUR/USD
6/13/2023,1.076298833,1.082251072,1.076055646,1.076298833,EUR/USD
6/14/2023,1.078934908,1.085835338,1.077574611,1.078934908,EUR/USD
6/15/2023,1.08430469,1.09385252,1.080426931,1.08430469,EUR/USD
6/16/2023,1.094594836,1.0970999,1.092013001,1.094594836,EUR/USD
6/19/2023,1.094211578,1.09493053,1.091100335,1.094211578,EUR/USD
6/20/2023,1.092430472,1.094522953,1.089455128,1.092430472,EUR/USD
6/21/2023,1.092036843,1.096130729,1.090667129,1.092036843,EUR/USD
6/22/2023,1.099263549,1.101115465,1.095110297,1.099263549,EUR/USD
6/23/2023,1.095890403,1.095890403,1.084504604,1.095890403,EUR/USD
6/26/2023,1.090667129,1.092180014,1.088814616,1.090667129,EUR/USD
6/27/2023,1.091048002,1.097610474,1.090322375,1.091048002,EUR/USD
6/28/2023,1.095722318,1.096250892,1.089965701,1.095722318,EUR/USD
6/29/2023,1.091583848,1.094067931,1.086236238,1.091583848,EUR/USD
6/30/2023,1.086802959,1.093374133,1.083646655,1.086802959,EUR/USD
7/3/2023,1.090750456,1.093135118,1.087181091,1.090750456,EUR/USD
7/4/2023,1.091309905,1.091822267,1.089075446,1.091309905,EUR/USD
7/5/2023,1.088494658,1.090619564,1.086507797,1.088494658,EUR/USD
7/6/2023,1.085658431,1.090155959,1.083435297,1.085658431,EUR/USD
7/7/2023,1.089063644,1.096467137,1.086861968,1.089063644,EUR/USD
7/10/2023,1.096972346,1.099275589,1.094451189,1.096972346,EUR/USD
7/11/2023,1.100594401,1.102560163,1.097863555,1.100594401,EUR/USD
7/12/2023,1.101406455,1.112594604,1.101285219,1.101406455,EUR/USD
7/13/2023,1.114454508,1.119620204,1.113065243,1.114454508,EUR/USD
7/14/2023,1.122346997,1.12447989,1.120611429,1.122346997,EUR/USD
7/17/2023,1.122775555,1.125112534,1.120548606,1.122775555,EUR/USD
7/18/2023,1.123759627,1.127573729,1.122007012,1.123759627,EUR/USD
7/19/2023,1.122889042,1.123974323,1.117630601,1.122889042,EUR/USD
7/20/2023,1.120523453,1.122964621,1.11331296,1.120523453,EUR/USD
7/21/2023,1.113709807,1.11470294,1.110962987,1.113709807,EUR/USD
7/24/2023,1.112532616,1.114504099,1.106880426,1.112532616,EUR/USD
7/25/2023,1.106317043,1.108893394,1.102207661,1.106317043,EUR/USD
7/26/2023,1.105045676,1.108647466,1.103838086,1.105045676,EUR/USD
7/27/2023,1.107836843,1.115200162,1.098490715,1.107836843,EUR/USD
7/28/2023,1.097875595,1.104679465,1.094702721,1.097875595,EUR/USD
7/31/2023,1.10242641,1.104545116,1.100618601,1.10242641,EUR/USD
8/1/2023,1.099759102,1.100231051,1.095446229,1.099759102,EUR/USD
8/2/2023,1.100788116,1.100703359,1.091977239,1.100788116,EUR/USD
8/3/2023,1.094415188,1.095398307,1.091357589,1.094415188,EUR/USD
8/4/2023,1.095158339,1.104094028,1.093625188,1.095158339,EUR/USD
8/7/2023,1.10026741,1.101200342,1.0966115,1.10026741,EUR/USD
8/8/2023,1.100315809,1.10098207,1.093099236,1.100315809,EUR/USD
8/9/2023,1.095890403,1.099432707,1.095590234,1.095890403,EUR/USD
8/10/2023,1.097767115,1.105839968,1.096803904,1.097767115,EUR/USD
8/11/2023,1.098164916,1.100436926,1.0951823,1.098164916,EUR/USD
8/14/2023,1.094439149,1.096034527,1.087748647,1.094439149,EUR/USD
8/15/2023,1.090988398,1.094966412,1.090084553,1.090988398,EUR/USD
8/16/2023,1.090417385,1.093469739,1.089775681,1.090417385,EUR/USD
8/17/2023,1.087488413,1.091726899,1.086236238,1.087488413,EUR/USD
8/18/2023,1.087464809,1.089561939,1.084645748,1.087464809,EUR/USD
8/21/2023,1.087559462,1.091357589,1.087062836,1.087559462,EUR/USD
8/22/2023,1.089835167,1.093199611,1.08340013,1.089835167,EUR/USD
8/23/2023,1.084669232,1.087051034,1.080298543,1.084669232,EUR/USD
8/24/2023,1.086578608,1.087689519,1.08154881,1.086578608,EUR/USD
8/25/2023,1.079913616,1.083975554,1.076669693,1.079913616,EUR/USD
8/28/2023,1.079738617,1.082134008,1.079936981,1.079738617,EUR/USD
8/29/2023,1.082555652,1.085670233,1.078353167,1.082555652,EUR/USD
8/30/2023,1.086921096,1.094546914,1.085611343,1.086921096,EUR/USD
8/31/2023,1.093254685,1.093972206,1.083717108,1.093254685,EUR/USD
9/1/2023,1.084410429,1.088080168,1.078585744,1.084410429,EUR/USD
9/4/2023,1.077586293,1.080905795,1.077400446,1.077586293,EUR/USD
9/5/2023,1.079447269,1.079913616,1.070755482,1.079447269,EUR/USD
9/6/2023,1.0726161,1.074818134,1.070514798,1.0726161,EUR/USD
9/7/2023,1.072420478,1.073422074,1.068764329,1.072420478,EUR/USD
9/8/2023,1.069781899,1.074206114,1.069507241,1.069781899,EUR/USD
9/11/2023,1.071811318,1.075685263,1.071145535,1.071811318,EUR/USD
9/12/2023,1.075037599,1.076264143,1.070617914,1.075037599,EUR/USD
9/13/2023,1.075326681,1.076542139,1.071742415,1.075326681,EUR/USD
9/14/2023,1.073422074,1.075500131,1.065507412,1.073422074,EUR/USD
9/15/2023,1.06371665,1.068764329,1.063467741,1.06371665,EUR/USD
9/18/2023,1.066825986,1.069816232,1.065632343,1.066825986,EUR/USD
9/19/2023,1.069267154,1.071926236,1.067634702,1.069267154,EUR/USD
9/20/2023,1.06820488,1.072696686,1.06757772,1.06820488,EUR/USD
9/21/2023,1.065303087,1.067361116,1.061909318,1.065303087,EUR/USD
9/22/2023,1.066154838,1.067156076,1.06152606,1.066154838,EUR/USD
9/25/2023,1.064849257,1.065541506,1.057730913,1.064849257,EUR/USD
9/26/2023,1.059164882,1.060895324,1.056814313,1.059164882,EUR/USD
9/27/2023,1.056948304,1.057373047,1.050905824,1.056948304,EUR/USD
9/28/2023,1.050530553,1.057865262,1.049185872,1.050530553,EUR/USD
9/29/2023,1.056245089,1.061796546,1.055854678,1.056245089,EUR/USD
10/2/2023,1.056524038,1.059097648,1.049273849,1.056524038,EUR/USD
10/3/2023,1.048075199,1.049428105,1.044986725,1.048075199,EUR/USD
10/4/2023,1.047230005,1.053241372,1.045369029,1.047230005,EUR/USD
10/5/2023,1.050707102,1.053685308,1.05008924,1.050707102,EUR/USD
10/6/2023,1.054663181,1.059816003,1.048393846,1.054663181,EUR/USD
10/9/2023,1.056747317,1.057641387,1.052144289,1.056747317,EUR/USD
10/10/2023,1.057887554,1.061954379,1.055598378,1.057887554,EUR/USD
10/11/2023,1.060479164,1.063354731,1.059277177,1.060479164,EUR/USD
10/12/2023,1.062428236,1.063908935,1.054596424,1.062428236,EUR/USD
10/13/2023,1.053674102,1.055854678,1.049615264,1.053674102,EUR/USD
10/16/2023,1.052155375,1.055464745,1.051635265,1.052155375,EUR/USD
10/17/2023,1.055431247,1.059500456,1.05334115,1.055431247,EUR/USD
10/18/2023,1.057305932,1.05954659,1.052709103,1.057305932,EUR/USD
10/19/2023,1.053851843,1.058537126,1.052886486,1.053851843,EUR/USD
10/20/2023,1.058649182,1.060108066,1.056579828,1.058649182,EUR/USD
10/23/2023,1.058996677,1.064736009,1.057183027,1.058996677,EUR/USD
10/24/2023,1.066985369,1.069049954,1.058425069,1.066985369,EUR/USD
10/25/2023,1.059535265,1.060670376,1.056680322,1.059535265,EUR/USD
10/26/2023,1.056725025,1.056970716,1.052631617,1.056725025,EUR/USD
10/27/2023,1.056445956,1.059771061,1.053629756,1.056445956,EUR/USD
10/30/2023,1.056245089,1.062599897,1.054841161,1.056245089,EUR/USD
10/31/2023,1.06150353,1.066905618,1.056758523,1.06150353,EUR/USD
11/1/2023,1.057909966,1.058077812,1.052288175,1.057909966,EUR/USD
11/2/2023,1.058705211,1.067008138,1.058425069,1.058705211,EUR/USD
11/3/2023,1.061909318,1.073699832,1.061548591,1.061909318,EUR/USD
11/6/2023,1.073214769,1.075700283,1.072340012,1.073214769,EUR/USD
11/7/2023,1.072156072,1.072156072,1.066473246,1.072156072,EUR/USD
11/8/2023,1.069610238,1.071604609,1.066064,1.069610238,EUR/USD
11/9/2023,1.071042299,1.072800279,1.068147779,1.071042299,EUR/USD
11/10/2023,1.066757679,1.06925571,1.0657686,1.066757679,EUR/USD
11/13/2023,1.069015622,1.07054925,1.066552877,1.069015622,EUR/USD
11/14/2023,1.070182562,1.086720347,1.069358587,1.070182562,EUR/USD
11/15/2023,1.087831497,1.088731647,1.083294511,1.087831497,EUR/USD
11/16/2023,1.085458159,1.089395761,1.083095074,1.085458159,EUR/USD
11/17/2023,1.085375667,1.089229703,1.082520485,1.085375667,EUR/USD
11/20/2023,1.090702772,1.094511032,1.089799523,1.090702772,EUR/USD
11/21/2023,1.094594836,1.096731663,1.092299342,1.094594836,EUR/USD
11/22/2023,1.091822267,1.092251539,1.085458159,1.091822267,EUR/USD
11/23/2023,1.089087367,1.092705131,1.088802814,1.089087367,EUR/USD
11/24/2023,1.090631485,1.094415188,1.089561939,1.090631485,EUR/USD
11/27/2023,1.09404397,1.095926404,1.092585683,1.09404397,EUR/USD
11/28/2023,1.095842361,1.100715399,1.09350574,1.095842361,EUR/USD
11/29/2023,1.100594401,1.101685524,1.096118689,1.100594401,EUR/USD
11/30/2023,1.097369552,1.098538876,1.089490771,1.097369552,EUR/USD
12/1/2023,1.08920598,1.091345668,1.083153725,1.08920598,EUR/USD
12/4/2023,1.088814616,1.088731647,1.080567122,1.088814616,EUR/USD
12/5/2023,1.083775878,1.08483398,1.078260064,1.083775878,EUR/USD
12/6/2023,1.07936573,1.080368638,1.077319264,1.07936573,EUR/USD
12/7/2023,1.076669693,1.079680443,1.075766206,1.076669693,EUR/USD
12/8/2023,1.079214334,1.080053568,1.073145628,1.079214334,EUR/USD
12/11/2023,1.076576948,1.077934742,1.074321628,1.076576948,EUR/USD
12/12/2023,1.07665801,1.082204223,1.076182961,1.07665801,EUR/USD
12/13/2023,1.079867005,1.080824018,1.077400446,1.079867005,EUR/USD
12/14/2023,1.088613033,1.100412607,1.088020921,1.088613033,EUR/USD
12/15/2023,1.099360228,1.100594401,1.090227127,1.099360228,EUR/USD
12/18/2023,1.089526415,1.093003631,1.089455128,1.089526415,EUR/USD
12/19/2023,1.092382789,1.098799706,1.09160769,1.092382789,EUR/USD
12/20/2023,1.098104596,1.097972035,1.093565464,1.098104596,EUR/USD
12/21/2023,1.094570875,1.099976897,1.093625188,1.094570875,EUR/USD
12/22/2023,1.100618601,1.104057431,1.099420667,1.100618601,EUR/USD
12/25/2023,1.102657437,1.104240298,1.099989057,1.102657437,EUR/USD
12/26/2023,1.102025509,1.103996515,1.10095787,1.102025509,EUR/USD
12/27/2023,1.104301214,1.112248063,1.102924943,1.104301214,EUR/USD
12/28/2023,1.110864282,1.113945484,1.107100964,1.110864282,EUR/USD
12/29/2023,1.106819153,1.108647466,1.104325652,1.106819153,EUR/USD
1/1/2024,1.105583191,1.105338812,1.103996515,1.105583191,EUR/USD
1/2/2024,1.103874564,1.104606152,1.094199657,1.103874564,EUR/USD
1/3/2024,1.094175696,1.09670043,1.089870691,1.094175696,EUR/USD
1/4/2024,1.092776775,1.097020507,1.091703057,1.092776775,EUR/USD
1/5/2024,1.094738722,1.099638224,1.087985396,1.094738722,EUR/USD
1/8/2024,1.094223619,1.097815394,1.092454433,1.094223619,EUR/USD
1/9/2024,1.095170259,1.096731663,1.091262341,1.095170259,EUR/USD
1/10/2024,1.093242645,1.096972346,1.092335105,1.093242645,EUR/USD
1/11/2024,1.097514153,1.099142671,1.093147039,1.097514153,EUR/USD
1/12/2024,1.098164916,1.098659635,1.093708992,1.098164916,EUR/USD
1/15/2024,1.094570875,1.095890403,1.093410015,1.094570875,EUR/USD
1/16/2024,1.094570875,1.094666839,1.086708426,1.094570875,EUR/USD
1/17/2024,1.087878942,1.088494658,1.08453989,1.087878942,EUR/USD
1/18/2024,1.088577509,1.090750456,1.084869385,1.088577509,EUR/USD
1/19/2024,1.087914348,1.089265347,1.086826563,1.087914348,EUR/USD
1/22/2024,1.089229703,1.090988398,1.088032722,1.089229703,EUR/USD
1/23/2024,1.088020921,1.091822267,1.082426786,1.088020921,EUR/USD
1/24/2024,1.085788131,1.093147039,1.085187197,1.085788131,EUR/USD
1/25/2024,1.08817482,1.090037107,1.082614303,1.08817482,EUR/USD
1/26/2024,1.084704638,1.088328719,1.081338286,1.084704638,EUR/USD
1/29/2024,1.084351778,1.084975243,1.079715371,1.084351778,EUR/USD
1/30/2024,1.083447099,1.085564137,1.081268191,1.083447099,EUR/USD
1/31/2024,1.084339976,1.088565707,1.080765605,1.084339976,EUR/USD
2/1/2024,1.080392003,1.086555004,1.078027606,1.080392003,EUR/USD
2/2/2024,1.087464809,1.089799523,1.078306556,1.087464809,EUR/USD
2/5/2024,1.07800436,1.078748703,1.072466493,1.07800436,EUR/USD
2/6/2024,1.074183106,1.076310396,1.072455049,1.074183106,EUR/USD
2/7/2024,1.075719953,1.078434587,1.07563889,1.075719953,EUR/USD
2/8/2024,1.077574611,1.0789814,1.074310064,1.077574611,EUR/USD
2/9/2024,1.07772553,1.079447269,1.076391459,1.07772553,EUR/USD
2/12/2024,1.079820275,1.080543756,1.075766206,1.079820275,EUR/USD
2/13/2024,1.0772264,1.079563856,1.07020545,1.0772264,EUR/USD
2/14/2024,1.070893168,1.073445082,1.069553018,1.070893168,EUR/USD
2/15/2024,1.073214769,1.078632236,1.072524071,1.073214769,EUR/USD
2/16/2024,1.077388763,1.078050852,1.073445082,1.077388763,EUR/USD
2/19/2024,1.078492761,1.0789814,1.076298833,1.07844615,EUR/USD
2/20/2024,1.077539682,1.083858132,1.07625246,1.077539682,EUR/USD
2/21/2024,1.081314921,1.082251072,1.079191089,1.081314921,EUR/USD
2/22/2024,1.08204031,1.088624954,1.080508709,1.08204031,EUR/USD
2/23/2024,1.082567453,1.083940387,1.081373334,1.082567453,EUR/USD
2/26/2024,1.082005143,1.085906029,1.081338286,1.081958294,EUR/USD
2/27/2024,1.085093021,1.086614013,1.083364964,1.085093021,EUR/USD
2/28/2024,1.08448112,1.08471632,1.079867005,1.08448112,EUR/USD
2/29/2024,1.083881617,1.08558774,1.080567122,1.083881617,EUR/USD
3/1/2024,1.080497026,1.084151864,1.079925299,1.080497026,EUR/USD
3/4/2024,1.084269404,1.086649418,1.083858132,1.084269404,EUR/USD
3/5/2024,1.085517049,1.087535739,1.084269404,1.085517049,EUR/USD
3/6/2024,1.085599542,1.091405153,1.084293008,1.085599542,EUR/USD
3/7/2024,1.089953899,1.094091892,1.086932898,1.089953899,EUR/USD
3/8/2024,1.095014453,1.097803235,1.092705131,1.095014453,EUR/USD
3/11/2024,1.094295502,1.095050335,1.091464758,1.094295502,EUR/USD
3/12/2024,1.093135118,1.094211578,1.090322375,1.093135118,EUR/USD
3/13/2024,1.092776775,1.09493053,1.092048883,1.092776775,EUR/USD
3/14/2024,1.095530272,1.09547019,1.088411689,1.095530272,EUR/USD
3/15/2024,1.08834064,1.090155959,1.087381959,1.08834064,EUR/USD
3/18/2024,1.08825767,1.090750456,1.088080168,1.08825767,EUR/USD
3/19/2024,1.08739388,1.087784171,1.08350575,1.08739388,EUR/USD
3/20/2024,1.086330652,1.087429285,1.083693624,1.086330652,EUR/USD
3/21/2024,1.093721032,1.094451189,1.085646749,1.093721032,EUR/USD
3/22/2024,1.086236238,1.086956501,1.080905795,1.086236238,EUR/USD
3/25/2024,1.080753922,1.084363461,1.080263615,1.080753922,EUR/USD
3/26/2024,1.083822846,1.086413383,1.08260262,1.083822846,EUR/USD
3/27/2024,1.08323586,1.083928585,1.081174612,1.08323586,EUR/USD
3/28/2024,1.081338286,1.082836986,1.077551365,1.081338286,EUR/USD
3/29/2024,1.079447269,1.080730557,1.076889873,1.079447269,EUR/USD
4/1/2024,1.079272628,1.080146909,1.073157191,1.079272628,EUR/USD
4/2/2024,1.073721766,1.077876568,1.072535515,1.073721766,EUR/USD
4/3/2024,1.076855183,1.083188891,1.07647264,1.076855183,EUR/USD
4/4/2024,1.083834648,1.087583065,1.08350575,1.083834648,EUR/USD
4/5/2024,1.083705425,1.084845781,1.079167724,1.083705425,EUR/USD
4/8/2024,1.083048105,1.085835338,1.082157373,1.083048105,EUR/USD
4/9/2024,1.086366177,1.088850141,1.084987044,1.086366177,EUR/USD
4/10/2024,1.085929632,1.086838365,1.07337594,1.085929632,EUR/USD
4/11/2024,1.074171543,1.075581074,1.070045233,1.074171543,EUR/USD
4/12/2024,1.072685122,1.07296145,1.06237185,1.072685122,EUR/USD
4/15/2024,1.064962745,1.066552877,1.062360644,1.064962745,EUR/USD
4/16/2024,1.062574983,1.06540525,1.060411692,1.062574983,EUR/USD
4/17/2024,1.062146187,1.065268993,1.060816646,1.062146187,EUR/USD
4/18/2024,1.066939831,1.06917572,1.064781308,1.066939831,EUR/USD
4/19/2024,1.064418554,1.068033814,1.061176896,1.064418554,EUR/USD
4/22/2024,1.065825343,1.067121983,1.062507272,1.065779924,EUR/USD
4/23/2024,1.06540525,1.070996404,1.063931704,1.06540525,EUR/USD
4/24/2024,1.07043457,1.071581602,1.067919731,1.07043457,EUR/USD
4/25/2024,1.069987893,1.073191643,1.067874074,1.069987893,EUR/USD
4/26/2024,1.07296145,1.075291991,1.067554832,1.07296145,EUR/USD
4/29/2024,1.070686698,1.07353723,1.069095612,1.070686698,EUR/USD
4/30/2024,1.071570158,1.073652506,1.068433166,1.071570158,EUR/USD
5/1/2024,1.066655278,1.068867087,1.065008044,1.066655278,EUR/USD
5/2/2024,1.072156072,1.073076487,1.06757772,1.072156072,EUR/USD
5/3/2024,1.073306918,1.080940843,1.072501063,1.073306918,EUR/USD
5/6/2024,1.075812459,1.079214334,1.07563889,1.075812459,EUR/USD
5/7/2024,1.076750755,1.0789814,1.075581074,1.076750755,EUR/USD
5/8/2024,1.075049162,1.075847268,1.07357192,1.075049162,EUR/USD
5/9/2024,1.074691057,1.078283429,1.072512627,1.074691057,EUR/USD
5/10/2024,1.078515887,1.079330802,1.076206207,1.078515887,EUR/USD
5/13/2024,1.077040672,1.080730557,1.076646447,1.077040672,EUR/USD
5/14/2024,1.079354167,1.082836986,1.077644229,1.079354167,EUR/USD
5/15/2024,1.081455231,1.087429285,1.081361651,1.081455231,EUR/USD
5/16/2024,1.088980556,1.089680791,1.085517049,1.088980556,EUR/USD
5/17/2024,1.086779356,1.087890625,1.083634973,1.086779356,EUR/USD
5/20/2024,1.087547541,1.088494658,1.085505247,1.087547541,EUR/USD
5/21/2024,1.086082935,1.087547541,1.08459866,1.086082935,EUR/USD
5/22/2024,1.085517049,1.086484075,1.082251072,1.085517049,EUR/USD
5/23/2024,1.082520485,1.086130142,1.081303239,1.082520485,EUR/USD
5/24/2024,1.081268191,1.085658431,1.080613732,1.081268191,EUR/USD
5/27/2024,1.084763408,1.086720347,1.084175348,1.084763408,EUR/USD
5/28/2024,1.086189151,1.088945031,1.085906029,1.086189151,EUR/USD
5/29/2024,1.085187197,1.085894227,1.080952525,1.085187197,EUR/USD
5/30/2024,1.080181956,1.08459866,1.07889998,1.080181956,EUR/USD
5/31/2024,1.083541036,1.08825767,1.08116293,1.083541036,EUR/USD
6/3/2024,1.085304976,1.089087367,1.082801938,1.085304976,EUR/USD
6/4/2024,1.090738535,1.091822267,1.086071134,1.090738535,EUR/USD
6/5/2024,1.088186622,1.088992476,1.086094737,1.088186622,EUR/USD
6/6/2024,1.087453008,1.089870691,1.086366177,1.087453008,EUR/USD
6/7/2024,1.089443207,1.090179682,1.080497026,1.089443207,EUR/USD
6/10/2024,1.07788825,1.078283429,1.073364496,1.07788825,EUR/USD
6/11/2024,1.076426268,1.077353954,1.072110176,1.076426268,EUR/USD
6/12/2024,1.074033022,1.085175395,1.073502779,1.074033022,EUR/USD
6/13/2024,1.081314921,1.081782818,1.075384498,1.081314921,EUR/USD
6/14/2024,1.073883176,1.074575543,1.066814542,1.073883176,EUR/USD
6/17/2024,1.070216894,1.0726161,1.068764329,1.070216894,EUR/USD
6/18/2024,1.074067712,1.076125026,1.071111083,1.074067712,EUR/USD
6/19/2024,1.07422924,1.075326681,1.072627544,1.07422924,EUR/USD
6/20/2024,1.075153232,1.075037599,1.070755482,1.075153232,EUR/USD
6/21/2024,1.070640922,1.072270989,1.067190289,1.070640922,EUR/USD
6/24/2024,1.068775773,1.074702501,1.06844449,1.068775773,EUR/USD
6/25/2024,1.073272347,1.074575543,1.069221377,1.073272347,EUR/USD
6/26/2024,1.070961952,1.072041154,1.066769123,1.070961952,EUR/USD
6/27/2024,1.068010926,1.0726161,1.067782879,1.068010926,EUR/USD
6/28/2024,1.070847273,1.072098613,1.06860435,1.070847273,EUR/USD
7/1/2024,1.073525786,1.077818513,1.072075605,1.073525786,EUR/USD
7/2/2024,1.073710203,1.074610233,1.071065187,1.073710203,EUR/USD
7/3/2024,1.074841261,1.081560493,1.073710203,1.074841261,EUR/USD
7/4/2024,1.079330802,1.081665754,1.078422904,1.079330802,EUR/USD
7/5/2024,1.08106935,1.083834648,1.08106935,1.08106935,EUR/USD
7/8/2024,1.08260262,1.08471632,1.081513643,1.08260262,EUR/USD
7/9/2024,1.083095074,1.083423615,1.080625415,1.083095074,EUR/USD
7/10/2024,1.081478596,1.082872152,1.081186295,1.081478596,EUR/USD
7/11/2024,1.083329678,1.089835167,1.083294511,1.083329678,EUR/USD
7/12/2024,1.087275624,1.091119409,1.086307168,1.087275624,EUR/USD
7/15/2024,1.088553905,1.092191935,1.088435411,1.088553905,EUR/USD
7/16/2024,1.090155959,1.090631485,1.087216496,1.090155959,EUR/USD
7/17/2024,1.090250969,1.094714761,1.089633226,1.090250969,EUR/USD
7/18/2024,1.094020128,1.094211578,1.090536237,1.094020128,EUR/USD
7/19/2024,1.090155959,1.090155959,1.087736845,1.090155959,EUR/USD
7/22/2024,1.089918256,1.090155959,1.087370157,1.089918256,EUR/USD
7/23/2024,1.088980556,1.090037107,1.084445834,1.088980556,EUR/USD
7/24/2024,1.085069418,1.086649418,1.082672834,1.085069418,EUR/USD
7/25/2024,1.083952069,1.086436868,1.082930803,1.083952069,EUR/USD
7/26/2024,1.085128307,1.086850166,1.084269404,1.085128307,EUR/USD
7/29/2024,1.085375667,1.087192893,1.080310225,1.085375667,EUR/USD
7/30/2024,1.081946611,1.083775878,1.079995275,1.081946611,EUR/USD
7/31/2024,1.081607223,1.085187197,1.080870748,1.081607223,EUR/USD
8/1/2024,1.08239162,1.083775878,1.077830076,1.08239162,EUR/USD
8/2/2024,1.078760266,1.092621565,1.078294992,1.078760266,EUR/USD
8/5/2024,1.091083646,1.100739717,1.089372158,1.091083646,EUR/USD
8/6/2024,1.095098257,1.096310854,1.09046495,1.095098257,EUR/USD
8/7/2024,1.092621565,1.093637228,1.09069097,1.092621565,EUR/USD
8/8/2024,1.092812538,1.094690681,1.088234067,1.092812538,EUR/USD
8/9/2024,1.091572046,1.093135118,1.090964556,1.091572046,EUR/USD
8/12/2024,1.091381311,1.093972206,1.091333747,1.091381311,EUR/USD
8/13/2024,1.093625188,1.096250892,1.091572046,1.093625188,EUR/USD
8/14/2024,1.099698663,1.104850292,1.098828673,1.099698663,EUR/USD
8/15/2024,1.101321578,1.101685524,1.095050335,1.101321578,EUR/USD
8/16/2024,1.097273231,1.100436926,1.097369552,1.097273231,EUR/USD
8/19/2024,1.102499366,1.107260346,1.102390051,1.102499366,EUR/USD
8/20/2024,1.108647466,1.111728668,1.107248068,1.108647466,EUR/USD
8/21/2024,1.11279273,1.114827156,1.110555887,1.11279273,EUR/USD
8/22/2024,1.115536094,1.11574769,1.109927177,1.115536094,EUR/USD
8/23/2024,1.11171639,1.11959517,1.110679269,1.11171639,EUR/USD
8/26/2024,1.118793488,1.12010932,1.115287304,1.118793488,EUR/USD
8/27/2024,1.116470098,1.117955446,1.115125537,1.116470098,EUR/USD
8/28/2024,1.117793083,1.11819303,1.110543489,1.117793083,EUR/USD
8/29/2024,1.112495542,1.11401999,1.105632067,1.112495542,EUR/USD
8/30/2024,1.108045459,1.109570026,1.105399966,1.108045459,EUR/USD
9/2/2024,1.1044842,1.10776329,1.104252458,1.1044842,EUR/USD
9/3/2024,1.106745601,1.107051969,1.103375196,1.106745601,EUR/USD
9/4/2024,1.104886889,1.10939765,1.10408175,1.104886889,EUR/USD
9/5/2024,1.108045459,1.112112045,1.107517838,1.108045459,EUR/USD
9/6/2024,1.111111164,1.114964008,1.106721163,1.111111164,EUR/USD
9/9/2024,1.108721256,1.109139323,1.103497028,1.108721256,EUR/USD
9/10/2024,1.103752732,1.105033398,1.101624846,1.103752732,EUR/USD
9/11/2024,1.102098346,1.105497718,1.10027945,1.102098346,EUR/USD
9/12/2024,1.101091146,1.10475266,1.10065484,1.101091146,EUR/USD
9/13/2024,1.107787728,1.110247612,1.107395172,1.107787728,EUR/USD
9/16/2024,1.108844161,1.113536119,1.108708858,1.108844161,EUR/USD
9/17/2024,1.112953663,1.114615917,1.111308694,1.112953663,EUR/USD
9/18/2024,1.112309933,1.114081979,1.110913634,1.112309933,EUR/USD
9/19/2024,1.111481667,1.11806798,1.107051969,1.111481667,EUR/USD
9/20/2024,1.116196036,1.118167996,1.113734603,1.116196036,EUR/USD
9/23/2024,1.11608386,1.116819263,1.108487725,1.11608386,EUR/USD
9/24/2024,1.111172795,1.116345525,1.110395551,1.111172795,EUR/USD
9/25/2024,1.119119048,1.121239662,1.114168882,1.119119048,EUR/USD
9/26/2024,1.113102317,1.118956208,1.11268127,1.113102317,EUR/USD
9/27/2024,1.117717981,1.119983912,1.112656474,1.117717981,EUR/USD
9/30/2024,1.116981506,1.120837569,1.113610625,1.116981506,EUR/USD
10/1/2024,1.113660216,1.114578724,1.106109023,1.113660216,EUR/USD
10/2/2024,1.106390476,1.108217478,1.103411794,1.106390476,EUR/USD
10/3/2024,1.104850292,1.104850292,1.10095787,1.104850292,EUR/USD
10/4/2024,1.103557825,1.103996515,1.095614314,1.103557825,EUR/USD
10/7/2024,1.097453952,1.098502755,1.095554233,1.097453952,EUR/USD
10/8/2024,1.097574353,1.099747062,1.09616673,1.097574353,EUR/USD
10/9/2024,1.097574353,1.098056436,1.094067931,1.097574353,EUR/USD
10/10/2024,1.094331384,1.095446229,1.091405153,1.094331384,EUR/USD
10/11/2024,1.093386054,1.095422268,1.092740893,1.093386054,EUR/USD
10/14/2024,1.092537999,1.093972206,1.090572,1.092537999,EUR/USD
10/15/2024,1.090916991,1.091822267,1.088577509,1.090916991,EUR/USD
10/16/2024,1.088411689,1.090155959,1.086814761,1.088411689,EUR/USD
10/17/2024,1.086248159,1.086992025,1.081385016,1.086248159,EUR/USD
10/18/2024,1.082954288,1.086366177,1.082825303,1.082954288,EUR/USD
10/21/2024,1.086861968,1.086956501,1.082110524,1.086861968,EUR/USD
10/22/2024,1.081782818,1.083775878,1.080193639,1.081782818,EUR/USD
10/23/2024,1.079727054,1.080847383,1.076264143,1.079727054,EUR/USD
10/24/2024,1.078050852,1.08102262,1.077156782,1.078050852,EUR/USD
10/25/2024,1.082415104,1.08424592,1.081186295,1.082415104,EUR/USD
10/28/2024,1.079657078,1.082719803,1.078271747,1.079657078,EUR/USD
10/29/2024,1.081677437,1.082625985,1.077040672,1.081677437,EUR/USD
10/30/2024,1.082063675,1.086673021,1.080999255,1.082063675,EUR/USD
10/31/2024,1.08591783,1.088838339,1.084504604,1.08591783,EUR/USD
11/1/2024,1.088613033,1.090405464,1.084845781,1.088613033,EUR/USD
11/4/2024,1.087453008,1.091583848,1.087039232,1.087453008,EUR/USD
11/5/2024,1.087405682,1.092180014,1.087334752,1.087405682,EUR/USD
11/6/2024,1.093445897,1.093338251,1.068376064,1.093445897,EUR/USD
11/7/2024,1.073306918,1.08260262,1.071409464,1.073306918,EUR/USD
11/8/2024,1.079517245,1.079738617,1.071042299,1.079517245,EUR/USD
11/11/2024,1.071489811,1.072846293,1.06287992,1.071489811,EUR/USD
11/12/2024,1.066439152,1.066348195,1.059703708,1.066439152,EUR/USD
11/13/2024,1.061672568,1.064906001,1.055977345,1.061672568,EUR/USD
11/14/2024,1.056412458,1.058089137,1.049923897,1.056412458,EUR/USD
11/15/2024,1.053008437,1.059164882,1.052443266,1.053008437,EUR/USD
11/18/2024,1.053374529,1.058649182,1.053119302,1.053374529,EUR/USD
11/19/2024,1.059490442,1.060108066,1.052853227,1.059490442,EUR/USD
11/20/2024,1.060760379,1.061233163,1.05085063,1.060760379,EUR/USD
11/21/2024,1.054618716,1.055743217,1.046912074,1.054618716,EUR/USD
11/22/2024,1.046934128,1.049868822,1.033987164,1.046934128,EUR/USD
11/25/2024,1.047987342,1.052964091,1.044953942,1.047987342,EUR/USD
11/26/2024,1.044430017,1.054385185,1.042731047,1.044430017,EUR/USD
11/27/2024,1.04911983,1.058346629,1.047548175,1.04911983,EUR/USD
11/28/2024,1.056245089,1.056524038,1.052919745,1.056245089,EUR/USD
11/29/2024,1.056300879,1.05954659,1.054296255,1.056300879,EUR/USD
12/2/2024,1.054507494,1.054574251,1.046222091,1.054574251,EUR/USD
12/3/2024,1.05012238,1.05303061,1.04818511,1.05012238,EUR/USD
12/4/2024,1.051082611,1.054007411,1.047394633,1.051082611,EUR/USD
12/5/2024,1.051414132,1.058828473,1.050894856,1.051414132,EUR/USD
12/6/2024,1.058559537,1.062642813,1.054607511,1.058559537,EUR/USD
12/9/2024,1.05654633,1.059277177,1.053307891,1.05654633,EUR/USD
12/10/2024,1.055520415,1.056747317,1.050034046,1.055520415,EUR/USD
12/11/2024,1.053296804,1.05407393,1.048163056,1.053296804,EUR/USD
12/12/2024,1.050685048,1.052997351,1.046484828,1.050685048,EUR/USD
12/13/2024,1.047405601,1.052299261,1.045434594,1.047405601,EUR/USD
12/16/2024,1.051005244,1.052410007,1.047504306,1.051005244,EUR/USD
12/17/2024,1.051734805,1.053285718,1.047998309,1.051734805,EUR/USD
12/18/2024,1.049505115,1.051524758,1.046780586,1.049505115,EUR/USD
12/19/2024,1.035025239,1.042220354,1.035250306,1.035025239,EUR/USD
12/20/2024,1.03649497,1.043307662,1.034425735,1.03649497,EUR/USD
12/23/2024,1.043307662,1.044822931,1.038594127,1.043307662,EUR/USD
12/24/2024,1.040582657,1.041124463,1.038745165,1.040582657,EUR/USD
12/25/2024,1.040257931,1.043296814,1.040149808,1.040257931,EUR/USD
12/26/2024,1.039955139,1.042535424,1.039144635,1.039955139,EUR/USD
12/27/2024,1.042318106,1.044495463,1.040669441,1.042318106,EUR/USD
12/30/2024,1.042937756,1.045850039,1.037419677,1.042937756,EUR/USD
12/31/2024,1.040615201,1.042426825,1.034853935,1.040615201,EUR/USD
1/2/2025,1.035186052,1.037559628,1.023185372,1.035186052,EUR/USD
1/3/2025,1.02682054,1.030534744,1.026546478,1.02682054,EUR/USD
1/6/2025,1.030534744,1.043503642,1.029632807,1.030534744,EUR/USD
1/7/2025,1.03863728,1.043623447,1.035947323,1.03863728,EUR/USD
1/8/2025,1.034554124,1.035840034,1.027675271,1.034554124,EUR/USD
1/9/2025,1.03147018,1.03231132,1.028616071,1.03147018,EUR/USD
1/10/2025,1.029760122,1.031193614,1.022118688,1.029760122,EUR/USD
1/13/2025,1.02444315,1.025020719,1.018381834,1.02444315,EUR/USD
1/14/2025,1.026525378,1.0303967,1.0239712,1.026525378,EUR/USD
1/15/2025,1.030683517,1.035025239,1.027063131,1.030683517,EUR/USD
1/16/2025,1.02952683,1.031151056,1.026377916,1.02952683,EUR/USD
1/17/2025,1.030194998,1.032972455,1.026651859,1.030194998,EUR/USD
1/20/2025,1.02773869,1.042731047,1.027939439,1.02773869,EUR/USD
1/21/2025,1.042068243,1.043405652,1.034457803,1.042068243,EUR/USD
1/22/2025,1.040593505,1.045806289,1.040073991,1.040593505,EUR/USD
1/23/2025,1.041015983,1.042546272,1.038561821,1.041015983,EUR/USD
1/24/2025,1.041601539,1.051934004,1.041319609,1.041601539,EUR/USD
1/27/2025,1.046758652,1.053374529,1.045434594,1.046758652,EUR/USD
1/28/2025,1.044506431,1.045576692,1.041525602,1.044506431,EUR/USD
1/29/2025,1.042905092,1.044495463,1.038346171,1.042905092,EUR/USD
1/30/2025,1.042524576,1.046550632,1.039133787,1.042524576,EUR/USD
1/31/2025,1.039727926,1.041232824,1.036205053,1.039727926,EUR/USD
2/3/2025,1.024779201,1.032652497,1.021304369,1.024779201,EUR/USD
2/4/2025,1.032737851,1.038680434,1.027654171,1.032737851,EUR/USD
2/5/2025,1.037279844,1.043645263,1.037043214,1.037279844,EUR/USD
2/6/2025,1.040084839,1.040528655,1.035453916,1.040084839,EUR/USD
2/7/2025,1.03857255,1.040593505,1.03246057,1.03857255,EUR/USD
2/10/2025,1.031161666,1.033602357,1.029950976,1.031161666,EUR/USD
2/11/2025,1.030152559,1.035196662,1.029272556,1.030152559,EUR/USD
2/12/2025,1.03649497,1.039565921,1.03182137,1.03649497,EUR/USD
2/13/2025,1.039198637,1.044571877,1.03792572,1.039198637,EUR/USD
2/14/2025,1.046167374,1.051369905,1.044811964,1.046167374,EUR/USD
2/17/2025,1.048921704,1.050707102,1.046736836,1.048921704,EUR/USD
2/18/2025,1.048536777,1.048646688,1.04427731,1.048536777,EUR/USD
2/19/2025,1.044833779,1.046244025,1.040506959,1.044833779,EUR/USD
2/20/2025,1.042100906,1.04787755,1.041970611,1.042100906,EUR/USD
2/21/2025,1.050056219,1.050751328,1.044997573,1.050056219,EUR/USD
2/24/2025,1.047482371,1.052864313,1.045434594,1.047482371,EUR/USD
2/25/2025,1.046134472,1.051845431,1.045795321,1.046134472,EUR/USD
2/26/2025,1.052410007,1.052742481,1.047646999,1.052410007,EUR/USD
2/27/2025,1.048877716,1.048987746,1.040485263,1.048877716,EUR/USD
2/28/2025,1.0395118,1.042100906,1.038184404,1.0395118,EUR/USD
3/3/2025,1.041384697,1.050023079,1.03904736,1.041384697,EUR/USD
3/4/2025,1.048503757,1.055955052,1.047175288,1.048503757,EUR/USD
3/5/2025,1.062699318,1.078585744,1.060287952,1.062699318,EUR/USD
3/6/2025,1.07949388,1.085104704,1.078248501,1.07949388,EUR/USD
3/7/2025,1.078795195,1.088565707,1.078213573,1.078795195,EUR/USD
3/10/2025,1.086059332,1.087346554,1.080625415,1.086059332,EUR/USD
3/11/2025,1.083940387,1.093027592,1.083681941,1.083940387,EUR/USD
3/12/2025,1.091417074,1.093457818,1.087725043,1.091417074,EUR/USD
3/13/2025,1.088624954,1.089918256,1.082297921,1.088624954,EUR/USD
3/14/2025,1.085564137,1.091012239,1.08313024,1.085564137,EUR/USD
3/17/2025,1.088127494,1.092896104,1.086921096,1.088127494,EUR/USD
3/18/2025,1.091917634,1.095446229,1.089704394,1.091917634,EUR/USD
3/19/2025,1.093948245,1.094570875,1.087594867,1.093948245,EUR/USD
3/20/2025,1.091190815,1.091750741,1.081829667,1.091190815,EUR/USD
3/21/2025,1.085670233,1.086130142,1.080567122,1.085670233,EUR/USD
3/24/2025,1.083576202,1.085693836,1.079074502,1.083576202,EUR/USD
3/25/2025,1.080356956,1.083071589,1.077865005,1.080356956,EUR/USD
3/26/2025,1.078748703,1.080228567,1.076878309,1.078748703,EUR/USD
3/27/2025,1.074206114,1.081876397,1.074206114,1.074206114,EUR/USD
3/28/2025,1.080100179,1.084528089,1.076588511,1.080100179,EUR/USD
3/31/2025,1.08239162,1.084845781,1.078574061,1.08239162,EUR/USD
4/1/2025,1.08188808,1.083071589,1.077957869,1.08188808,EUR/USD
4/2/2025,1.079598784,1.087263823,1.078202009,1.079598784,EUR/USD
4/3/2025,1.090869427,1.113337874,1.088245869,1.090869427,EUR/USD
4/4/2025,1.104374409,1.110753179,1.096479177,1.104374409,EUR/USD
4/7/2025,1.098454475,1.104984522,1.090322375,1.098454475,EUR/USD
4/8/2025,1.091536164,1.09919095,1.089194059,1.091536164,EUR/USD
4/9/2025,1.098044395,1.109483838,1.09722507,1.098044395,EUR/USD
4/10/2025,1.095206261,1.122536063,1.095314264,1.095206261,EUR/USD
4/11/2025,1.125783801,1.147183657,1.125087261,1.125783801,EUR/USD
4/14/2025,1.134314179,1.142478466,1.129969001,1.134314179,EUR/USD
4/15/2025,1.133966804,1.137785912,1.128566265,1.133966804,EUR/USD
4/16/2025,1.129267216,1.139016986,1.12942028,1.129267216,EUR/USD
4/17/2025,1.139679074,1.139640093,1.134134054,1.139679074,EUR/USD
4/22/2025,1.1512779,1.154654384,1.145396709,1.1512779,EUR/USD
4/23/2025,1.135125279,1.144007683,1.133799672,1.135125279,EUR/USD
4/24/2025,1.132733703,1.139432311,1.1322335,1.132733703,EUR/USD
4/25/2025,1.1371907,1.138433456,1.1316185,1.1371907,EUR/USD
4/28/2025,1.134314179,1.140823245,1.133105993,1.134314179,EUR/USD
4/29/2025,1.140914321,1.141956687,1.137138963,1.140914321,EUR/USD
4/30/2025,1.138926268,1.139886975,1.132708073,1.138926268,EUR/USD
5/1/2025,1.13248992,1.13409543,1.126697063,1.13248992,EUR/USD
5/2/2025,1.129649878,1.137863517,1.127522826,1.129649878,EUR/USD
5/5/2025,1.132323265,1.136453986,1.131285667,1.132323265,EUR/USD
5/6/2025,1.131336927,1.136118293,1.128120661,1.131336927,EUR/USD
5/7/2025,1.134275556,1.137772918,1.132708073,1.134275556,EUR/USD
5/8/2025,1.130620599,1.133671165,1.123608112,1.130620599,EUR/USD
5/9/2025,1.122422695,1.12911427,1.119983912,1.122422695,EUR/USD
5/12/2025,1.122964621,1.124290228,1.10750556,1.122964621,EUR/USD
5/13/2025,1.109557748,1.117743015,1.109668493,1.109557748,EUR/USD
5/14/2025,1.118555665,1.126455903,1.118242979,1.118555665,EUR/USD
5/15/2025,1.11819303,1.122775555,1.117480755,1.11819303,EUR/USD
5/16/2025,1.119269371,1.121994495,1.114144087,1.119269371,EUR/USD
5/19/2025,1.118755937,1.128604531,1.117355943,1.118755937,EUR/USD
5/20/2025,1.123342991,1.127726197,1.12186861,1.123342991,EUR/USD
5/21/2025,1.128795505,1.136234522,1.128744602,1.128795505,EUR/USD
5/22/2025,1.133118749,1.134455681,1.126709819,1.133118749,EUR/USD
5/23/2025,1.128184319,1.13765645,1.127993464,1.128184319,EUR/USD
5/26/2025,1.137281179,1.141891479,1.136932135,1.137281179,EUR/USD
5/27/2025,1.138848424,1.140901327,1.132515669,1.138848424,EUR/USD
5/28/2025,1.133709788,1.134558678,1.128426194,1.133709788,EUR/USD
5/29/2025,1.123368263,1.136945009,1.122712493,1.123368263,EUR/USD
5/30/2025,1.137837648,1.139042974,1.131439328,1.137837648,EUR/USD
6/2/2025,1.135331511,1.144911408,1.135589361,1.135331511,EUR/USD
6/3/2025,1.145344257,1.145514727,1.13676405,1.145344257,EUR/USD
6/4/2025,1.13844645,1.143458366,1.135937572,1.13844645,EUR/USD
6/5/2025,1.142204404,1.149425268,1.140614986,1.142204404,EUR/USD
6/6/2025,1.145383477,1.145869136,1.137229562,1.145383477,EUR/USD
6/9/2025,1.140784144,1.14403379,1.138757586,1.140784144,EUR/USD
6/10/2025,1.142804861,1.14483285,1.137462378,1.142804861,EUR/USD
6/11/2025,1.143746018,1.149095058,1.140601993,1.143746018,EUR/USD
6/12/2025,1.150933385,1.162871838,1.150284648,1.150933385,EUR/USD
6/13/2025,1.160025477,1.161210895,1.149293184,1.160025477,EUR/USD
6/16/2025,1.155668497,1.161480665,1.152485251,1.155668497,EUR/USD
6/17/2025,1.155134559,1.157407403,1.151251435,1.155134559,EUR/USD
6/18/2025,1.148263812,1.153003573,1.148237467,1.148263812,EUR/USD
6/19/2025,1.147749782,1.148685932,1.144845843,1.147749782,EUR/USD
6/20/2025,1.1512779,1.153455734,1.149610281,1.1512779,EUR/USD
6/23/2025,1.150086284,1.155174613,1.145554066,1.150086284,EUR/USD
6/24/2025,1.15990448,1.163589001,1.158292174,1.15990448,EUR/USD
6/25/2025,1.161224365,1.163142323,1.159097791,1.161224365,EUR/USD
6/26/2025,1.168374419,1.174342871,1.166861176,1.168374419,EUR/USD
6/27/2025,1.169221401,1.175088167,1.168429017,1.169221401,EUR/USD
6/30/2025,1.172745347,1.177163005,1.170905352,1.172745347,EUR/USD
7/1/2025,1.178717017,1.183025956,1.176775098,1.178717017,EUR/USD
7/2/2025,1.180553913,1.181000113,1.174922466,1.180553913,EUR/USD
7/3/2025,1.180024505,1.181334972,1.172085643,1.180024505,EUR/USD
7/4/2025,1.177149177,1.178689361,1.175668359,1.177149177,EUR/USD
7/7/2025,1.178078294,1.179008961,1.171907067,1.178078294,EUR/USD
7/8/2025,1.173653841,1.176484466,1.168470025,1.173653841,EUR/USD
7/9/2025,1.172456622,1.172883034,1.169084787,1.172456622,EUR/USD
7/10/2025,1.173116922,1.175088167,1.166575313,1.173116922,EUR/USD
7/11/2025,1.170274973,1.171371698,1.166588902,1.170274973,EUR/USD
7/14/2025,1.168210626,1.169864297,1.165664196,1.168210626,EUR/USD
7/15/2025,1.166629791,1.169207811,1.160213947,1.166629791,EUR/USD
7/16/2025,1.160739183,1.171673656,1.156403542,1.160739183,EUR/USD
7/17/2025,1.163575411,1.163575411,1.156938672,1.163575411,EUR/USD
7/18/2025,1.161548138,1.166956425,1.161264896,1.161548138,EUR/USD
7/21/2025,1.163074613,1.171673656,1.161494136,1.163074613,EUR/USD
7/22/2025,1.169453859,1.174936295,1.168005943,1.169453859,EUR/USD
7/23/2025,1.173915625,1.175253868,1.171234488,1.173915625,EUR/USD
7/24/2025,1.177426457,1.17875874,1.173323274,1.177426457,EUR/USD
7/25/2025,1.175613165,1.176069379,1.170740843,1.175613165,EUR/USD
7/28/2025,1.175682187,1.177066088,1.160995245,1.175682187,EUR/USD
7/29/2025,1.159675717,1.160092831,1.151994109,1.159675717,EUR/USD
7/30/2025,1.155094504,1.157273531,1.145934701,1.155094504,EUR/USD
7/31/2025,1.142935514,1.146026731,1.140654087,1.142935514,EUR/USD
8/1/2025,1.142374039,1.158292174,1.139458299,1.142374039,EUR/USD
8/4/2025,1.158668041,1.158882856,1.155094504,1.158668041,EUR/USD
8/5/2025,1.158412933,1.158815622,1.153003573,1.158412933,EUR/USD
8/6/2025,1.157916665,1.164646029,1.156510592,1.157916665,EUR/USD
8/7/2025,1.166316748,1.169535875,1.161426663,1.166316748,EUR/USD
8/8/2025,1.167665005,1.167924166,1.163074613,1.167665005,EUR/USD
8/11/2025,1.16479528,1.167678595,1.159111142,1.16479528,EUR/USD
8/12/2025,1.161844969,1.169453859,1.159931421,1.161844969,EUR/USD
8/13/2025,1.167705894,1.173061848,1.167187929,1.167705894,EUR/USD
8/14/2025,1.171289325,1.171563864,1.163846254,1.171289325,EUR/USD
8/15/2025,1.165134549,1.171522617,1.16478169,1.165134549,EUR/USD
8/18/2025,1.170658708,1.171097279,1.16616714,1.170658708,EUR/USD
8/19/2025,1.166833878,1.169344425,1.164103746,1.166833878,EUR/USD
8/20/2025,1.164252758,1.167256117,1.162385225,1.164252758,EUR/USD
8/21/2025,1.1651752,1.16619432,1.16026783,1.1651752,EUR/USD
8/22/2025,1.161305308,1.17303431,1.158359289,1.161305308,EUR/USD
8/25/2025,1.170960188,1.171975732,1.166725039,1.170960188,EUR/USD
8/26/2025,1.161844969,1.166452885,1.160254359,1.161844969,EUR/USD
8/27/2025,1.163941145,1.164279938,1.157474399,1.163941145,EUR/USD
8/28/2025,1.16479528,1.168770432,1.162953019,1.16479528,EUR/USD
8/29/2025,1.168156028,1.170740843,1.165433288,1.168156028,EUR/USD
9/1/2025,1.169180393,1.173584938,1.168866038,1.169180393,EUR/USD
9/2/2025,1.171591282,1.171604991,1.16134584,1.171591282,EUR/USD
9/3/2025,1.163602591,1.168224335,1.160981774,1.163602591,EUR/USD
9/4/2025,1.166044831,1.166793108,1.163223505,1.166044831,EUR/USD
9/5/2025,1.165691376,1.175917268,1.165324688,1.165691376,EUR/USD
9/8/2025,1.171316862,1.175585389,1.170576453,1.171316862,EUR/USD
9/9/2025,1.176913619,1.17803669,1.171865821,1.176913619,EUR/USD
9/10/2025,1.170274973,1.173020482,1.168866038,1.170274973,EUR/USD
9/11/2025,1.170343518,1.174563646,1.166888356,1.170343518,EUR/USD
9/12/2025,1.173474789,1.174812078,1.170261264,1.173474789,EUR/USD
9/15/2025,1.172649145,1.177440166,1.171714783,1.172649145,EUR/USD
9/16/2025,1.17637372,1.185255408,1.175834298,1.17637372,EUR/USD
9/17/2025,1.187140822,1.187295914,1.183431864,1.187140822,EUR/USD
9/18/2025,1.182634115,1.184834123,1.175129652,1.182634115,EUR/USD
9/19/2025,1.179106236,1.179384351,1.17303431,1.179106236,EUR/USD
9/22/2025,1.173695087,1.178689361,1.17271781,1.173695087,EUR/USD
